2026-07-19 19:22:10,457 [Worker-1: Loading available Gradle versions] INFO  o.e.b.c.i.u.g.PublishedGradleVersions - Gradle version information cache is not available. Remote download required.
2026-07-19 19:26:17,251 [Worker-21: Importing Maven projects] INFO  o.e.m.c.i.l.LifecycleMappingFactory - Using org.eclipse.m2e.jdt.JarLifecycleMapping lifecycle mapping for MavenProject: com.booking:seat-booking-system:0.1.0 @ D:\seat_booking_app\seat-booking-system\pom.xml.
2026-07-19 19:26:20,019 [Worker-21: Importing Maven projects] INFO  o.e.m.j.i.AbstractJavaProjectConfigurator - Adding source folder /seat-booking-system/src/main/java
2026-07-19 19:26:20,023 [Worker-21: Importing Maven projects] INFO  o.e.m.j.i.AbstractJavaProjectConfigurator - Adding resource folder /seat-booking-system/src/main/resources
2026-07-19 19:26:20,035 [Worker-21: Importing Maven projects] INFO  o.e.m.j.i.AbstractJavaProjectConfigurator - Adding resource folder /seat-booking-system/src/main/resources
2026-07-19 19:26:20,045 [Worker-21: Importing Maven projects] INFO  o.e.m.j.i.AbstractJavaProjectConfigurator - Adding source folder /seat-booking-system/src/test/java
2026-07-19 19:26:20,046 [Worker-21: Importing Maven projects] INFO  o.e.m.j.i.AbstractJavaProjectConfigurator - Adding resource folder /seat-booking-system/src/test/resources
2026-07-19 19:26:22,128 [Worker-21: Importing Maven projects] INFO  o.e.m.c.i.p.ProjectConfigurationManager - Imported and configured 1 project(s) in 7 sec
2026-07-19 19:26:25,610 [Worker-22: Building] INFO  o.a.m.s.f.DefaultMavenResourcesFiltering - Copying 1 resource from src\main\resources to target\classes
2026-07-19 19:26:25,658 [Worker-22: Building] INFO  o.a.m.s.f.DefaultMavenResourcesFiltering - Copying 0 resource from src\main\resources to target\classes
2026-07-19 19:26:25,668 [Worker-22: Building] INFO  o.a.m.s.f.DefaultMavenResourcesFiltering - Copying 1 resource from src\test\resources to target\test-classes
2026-07-19 19:26:28,214 [Worker-2: Updating Maven Project] INFO  o.e.m.c.i.p.ProjectConfigurationManager - Update started
2026-07-19 19:26:29,795 [Worker-2: Updating Maven Project] INFO  o.e.m.c.i.l.LifecycleMappingFactory - Using org.eclipse.m2e.jdt.JarLifecycleMapping lifecycle mapping for MavenProject: com.booking:seat-booking-system:0.1.0 @ D:\seat_booking_app\seat-booking-system\pom.xml.
2026-07-19 19:26:32,202 [Worker-2: Updating Maven Project] INFO  o.e.m.j.i.AbstractJavaProjectConfigurator - Adding source folder /seat-booking-system/src/main/java
2026-07-19 19:26:32,204 [Worker-2: Updating Maven Project] INFO  o.e.m.j.i.AbstractJavaProjectConfigurator - Adding resource folder /seat-booking-system/src/main/resources
2026-07-19 19:26:32,205 [Worker-2: Updating Maven Project] INFO  o.e.m.j.i.AbstractJavaProjectConfigurator - Adding resource folder /seat-booking-system/src/main/resources
2026-07-19 19:26:32,206 [Worker-2: Updating Maven Project] INFO  o.e.m.j.i.AbstractJavaProjectConfigurator - Adding source folder /seat-booking-system/src/test/java
2026-07-19 19:26:32,207 [Worker-2: Updating Maven Project] INFO  o.e.m.j.i.AbstractJavaProjectConfigurator - Adding resource folder /seat-booking-system/src/test/resources
2026-07-19 19:26:32,934 [Worker-2: Updating Maven Project] INFO  o.e.m.c.i.p.ProjectConfigurationManager - Update completed for 1 poms: local refresh takes 0.00 sec, refresh facades takes 3.00 sec, update config takes 0.00 sec 
2026-07-19 19:26:33,757 [Worker-23: Building] INFO  o.a.m.s.f.DefaultMavenResourcesFiltering - Copying 1 resource from src\main\resources to target\classes
2026-07-19 19:26:33,791 [Worker-23: Building] INFO  o.a.m.s.f.DefaultMavenResourcesFiltering - Copying 0 resource from src\main\resources to target\classes
2026-07-19 19:26:33,815 [Worker-23: Building] INFO  o.a.m.s.f.DefaultMavenResourcesFiltering - Copying 1 resource from src\test\resources to target\test-classes
2026-07-19 19:32:49,941 [Worker-9: Building] INFO  o.a.m.s.f.DefaultMavenResourcesFiltering - Copying 1 resource from src\main\resources to target\classes
2026-07-19 19:32:50,041 [Worker-9: Building] INFO  o.a.m.s.f.DefaultMavenResourcesFiltering - Copying 0 resource from src\main\resources to target\classes
2026-07-19 19:32:50,047 [Worker-9: Building] INFO  o.a.m.s.f.DefaultMavenResourcesFiltering - Copying 0 resource from src\test\resources to target\test-classes
2026-07-19 19:32:52,269 [Worker-22: Building] INFO  o.a.m.s.f.DefaultMavenResourcesFiltering - Copying 1 resource from src\main\resources to target\classes
2026-07-19 19:32:52,278 [Worker-22: Building] INFO  o.a.m.s.f.DefaultMavenResourcesFiltering - Copying 0 resource from src\main\resources to target\classes
2026-07-19 19:32:52,283 [Worker-22: Building] INFO  o.a.m.s.f.DefaultMavenResourcesFiltering - Copying 0 resource from src\test\resources to target\test-classes
2026-07-19 19:33:03,317 [Worker-2: Building] INFO  o.a.m.s.f.DefaultMavenResourcesFiltering - Copying 1 resource from src\main\resources to target\classes
2026-07-19 19:33:03,435 [Worker-2: Building] INFO  o.a.m.s.f.DefaultMavenResourcesFiltering - Copying 0 resource from src\main\resources to target\classes
2026-07-19 19:33:03,438 [Worker-2: Building] INFO  o.a.m.s.f.DefaultMavenResourcesFiltering - Copying 0 resource from src\test\resources to target\test-classes
2026-07-19 19:33:25,861 [Worker-2: Building] INFO  o.a.m.s.f.DefaultMavenResourcesFiltering - Copying 1 resource from src\main\resources to target\classes
2026-07-19 19:33:25,874 [Worker-2: Building] INFO  o.a.m.s.f.DefaultMavenResourcesFiltering - Copying 0 resource from src\main\resources to target\classes
2026-07-19 19:33:25,880 [Worker-2: Building] INFO  o.a.m.s.f.DefaultMavenResourcesFiltering - Copying 0 resource from src\test\resources to target\test-classes
2026-07-19 19:33:33,111 [Worker-23: Launching Executing clean in D__seat_booking_app_seat-booking-system] INFO  o.eclipse.m2e.core.internal.Bundles - getClasspathEntries(Bundle=org.eclipse.m2e.maven.runtime_3.9.900.20250220-2013 [297])
2026-07-19 19:33:33,114 [Worker-23: Launching Executing clean in D__seat_booking_app_seat-booking-system] INFO  o.eclipse.m2e.core.internal.Bundles - 	Entry: C:\Users\Deepak\.p2\pool\plugins\org.eclipse.m2e.maven.runtime_3.9.900.20250220-2013
2026-07-19 19:33:33,114 [Worker-23: Launching Executing clean in D__seat_booking_app_seat-booking-system] INFO  o.eclipse.m2e.core.internal.Bundles - 	Entry: C:\Users\Deepak\.p2\pool\plugins\org.eclipse.m2e.maven.runtime_3.9.900.20250220-2013\jars\aopalliance-1.0.jar
2026-07-19 19:33:33,114 [Worker-23: Launching Executing clean in D__seat_booking_app_seat-booking-system] INFO  o.eclipse.m2e.core.internal.Bundles - 	Entry: C:\Users\Deepak\.p2\pool\plugins\org.eclipse.m2e.maven.runtime_3.9.900.20250220-2013\jars\guice-5.1.0.jar
2026-07-19 19:33:33,114 [Worker-23: Launching Executing clean in D__seat_booking_app_seat-booking-system] INFO  o.eclipse.m2e.core.internal.Bundles - 	Entry: C:\Users\Deepak\.p2\pool\plugins\org.eclipse.m2e.maven.runtime_3.9.900.20250220-2013\jars\httpclient-4.5.14.jar
2026-07-19 19:33:33,115 [Worker-23: Launching Executing clean in D__seat_booking_app_seat-booking-system] INFO  o.eclipse.m2e.core.internal.Bundles - 	Entry: C:\Users\Deepak\.p2\pool\plugins\org.eclipse.m2e.maven.runtime_3.9.900.20250220-2013\jars\httpcore-4.4.16.jar
2026-07-19 19:33:33,115 [Worker-23: Launching Executing clean in D__seat_booking_app_seat-booking-system] INFO  o.eclipse.m2e.core.internal.Bundles - 	Entry: C:\Users\Deepak\.p2\pool\plugins\org.eclipse.m2e.maven.runtime_3.9.900.20250220-2013\jars\jansi-2.4.1.jar
2026-07-19 19:33:33,115 [Worker-23: Launching Executing clean in D__seat_booking_app_seat-booking-system] INFO  o.eclipse.m2e.core.internal.Bundles - 	Entry: C:\Users\Deepak\.p2\pool\plugins\org.eclipse.m2e.maven.runtime_3.9.900.20250220-2013\jars\jcl-over-slf4j-1.7.36.jar
2026-07-19 19:33:33,116 [Worker-23: Launching Executing clean in D__seat_booking_app_seat-booking-system] INFO  o.eclipse.m2e.core.internal.Bundles - 	Entry: C:\Users\Deepak\.p2\pool\plugins\org.eclipse.m2e.maven.runtime_3.9.900.20250220-2013\jars\maven-artifact-3.9.9.jar
2026-07-19 19:33:33,116 [Worker-23: Launching Executing clean in D__seat_booking_app_seat-booking-system] INFO  o.eclipse.m2e.core.internal.Bundles - 	Entry: C:\Users\Deepak\.p2\pool\plugins\org.eclipse.m2e.maven.runtime_3.9.900.20250220-2013\jars\maven-builder-support-3.9.9.jar
2026-07-19 19:33:33,116 [Worker-23: Launching Executing clean in D__seat_booking_app_seat-booking-system] INFO  o.eclipse.m2e.core.internal.Bundles - 	Entry: C:\Users\Deepak\.p2\pool\plugins\org.eclipse.m2e.maven.runtime_3.9.900.20250220-2013\jars\maven-compat-3.9.9.jar
2026-07-19 19:33:33,116 [Worker-23: Launching Executing clean in D__seat_booking_app_seat-booking-system] INFO  o.eclipse.m2e.core.internal.Bundles - 	Entry: C:\Users\Deepak\.p2\pool\plugins\org.eclipse.m2e.maven.runtime_3.9.900.20250220-2013\jars\maven-core-3.9.9.jar
2026-07-19 19:33:33,117 [Worker-23: Launching Executing clean in D__seat_booking_app_seat-booking-system] INFO  o.eclipse.m2e.core.internal.Bundles - 	Entry: C:\Users\Deepak\.p2\pool\plugins\org.eclipse.m2e.maven.runtime_3.9.900.20250220-2013\jars\maven-embedder-3.9.9.jar
2026-07-19 19:33:33,117 [Worker-23: Launching Executing clean in D__seat_booking_app_seat-booking-system] INFO  o.eclipse.m2e.core.internal.Bundles - 	Entry: C:\Users\Deepak\.p2\pool\plugins\org.eclipse.m2e.maven.runtime_3.9.900.20250220-2013\jars\maven-model-3.9.9.jar
2026-07-19 19:33:33,117 [Worker-23: Launching Executing clean in D__seat_booking_app_seat-booking-system] INFO  o.eclipse.m2e.core.internal.Bundles - 	Entry: C:\Users\Deepak\.p2\pool\plugins\org.eclipse.m2e.maven.runtime_3.9.900.20250220-2013\jars\maven-model-builder-3.9.9.jar
2026-07-19 19:33:33,117 [Worker-23: Launching Executing clean in D__seat_booking_app_seat-booking-system] INFO  o.eclipse.m2e.core.internal.Bundles - 	Entry: C:\Users\Deepak\.p2\pool\plugins\org.eclipse.m2e.maven.runtime_3.9.900.20250220-2013\jars\maven-plugin-api-3.9.9.jar
2026-07-19 19:33:33,118 [Worker-23: Launching Executing clean in D__seat_booking_app_seat-booking-system] INFO  o.eclipse.m2e.core.internal.Bundles - 	Entry: C:\Users\Deepak\.p2\pool\plugins\org.eclipse.m2e.maven.runtime_3.9.900.20250220-2013\jars\maven-repository-metadata-3.9.9.jar
2026-07-19 19:33:33,118 [Worker-23: Launching Executing clean in D__seat_booking_app_seat-booking-system] INFO  o.eclipse.m2e.core.internal.Bundles - 	Entry: C:\Users\Deepak\.p2\pool\plugins\org.eclipse.m2e.maven.runtime_3.9.900.20250220-2013\jars\maven-resolver-api-1.9.22.jar
2026-07-19 19:33:33,118 [Worker-23: Launching Executing clean in D__seat_booking_app_seat-booking-system] INFO  o.eclipse.m2e.core.internal.Bundles - 	Entry: C:\Users\Deepak\.p2\pool\plugins\org.eclipse.m2e.maven.runtime_3.9.900.20250220-2013\jars\maven-resolver-connector-basic-1.9.22.jar
2026-07-19 19:33:33,119 [Worker-23: Launching Executing clean in D__seat_booking_app_seat-booking-system] INFO  o.eclipse.m2e.core.internal.Bundles - 	Entry: C:\Users\Deepak\.p2\pool\plugins\org.eclipse.m2e.maven.runtime_3.9.900.20250220-2013\jars\maven-resolver-impl-1.9.22.jar
2026-07-19 19:33:33,119 [Worker-23: Launching Executing clean in D__seat_booking_app_seat-booking-system] INFO  o.eclipse.m2e.core.internal.Bundles - 	Entry: C:\Users\Deepak\.p2\pool\plugins\org.eclipse.m2e.maven.runtime_3.9.900.20250220-2013\jars\maven-resolver-named-locks-1.9.22.jar
2026-07-19 19:33:33,119 [Worker-23: Launching Executing clean in D__seat_booking_app_seat-booking-system] INFO  o.eclipse.m2e.core.internal.Bundles - 	Entry: C:\Users\Deepak\.p2\pool\plugins\org.eclipse.m2e.maven.runtime_3.9.900.20250220-2013\jars\maven-resolver-provider-3.9.9.jar
2026-07-19 19:33:33,119 [Worker-23: Launching Executing clean in D__seat_booking_app_seat-booking-system] INFO  o.eclipse.m2e.core.internal.Bundles - 	Entry: C:\Users\Deepak\.p2\pool\plugins\org.eclipse.m2e.maven.runtime_3.9.900.20250220-2013\jars\maven-resolver-spi-1.9.22.jar
2026-07-19 19:33:33,119 [Worker-23: Launching Executing clean in D__seat_booking_app_seat-booking-system] INFO  o.eclipse.m2e.core.internal.Bundles - 	Entry: C:\Users\Deepak\.p2\pool\plugins\org.eclipse.m2e.maven.runtime_3.9.900.20250220-2013\jars\maven-resolver-transport-file-1.9.22.jar
2026-07-19 19:33:33,120 [Worker-23: Launching Executing clean in D__seat_booking_app_seat-booking-system] INFO  o.eclipse.m2e.core.internal.Bundles - 	Entry: C:\Users\Deepak\.p2\pool\plugins\org.eclipse.m2e.maven.runtime_3.9.900.20250220-2013\jars\maven-resolver-transport-http-1.9.22.jar
2026-07-19 19:33:33,120 [Worker-23: Launching Executing clean in D__seat_booking_app_seat-booking-system] INFO  o.eclipse.m2e.core.internal.Bundles - 	Entry: C:\Users\Deepak\.p2\pool\plugins\org.eclipse.m2e.maven.runtime_3.9.900.20250220-2013\jars\maven-resolver-transport-wagon-1.9.22.jar
2026-07-19 19:33:33,120 [Worker-23: Launching Executing clean in D__seat_booking_app_seat-booking-system] INFO  o.eclipse.m2e.core.internal.Bundles - 	Entry: C:\Users\Deepak\.p2\pool\plugins\org.eclipse.m2e.maven.runtime_3.9.900.20250220-2013\jars\maven-resolver-util-1.9.22.jar
2026-07-19 19:33:33,120 [Worker-23: Launching Executing clean in D__seat_booking_app_seat-booking-system] INFO  o.eclipse.m2e.core.internal.Bundles - 	Entry: C:\Users\Deepak\.p2\pool\plugins\org.eclipse.m2e.maven.runtime_3.9.900.20250220-2013\jars\maven-settings-3.9.9.jar
2026-07-19 19:33:33,120 [Worker-23: Launching Executing clean in D__seat_booking_app_seat-booking-system] INFO  o.eclipse.m2e.core.internal.Bundles - 	Entry: C:\Users\Deepak\.p2\pool\plugins\org.eclipse.m2e.maven.runtime_3.9.900.20250220-2013\jars\maven-settings-builder-3.9.9.jar
2026-07-19 19:33:33,121 [Worker-23: Launching Executing clean in D__seat_booking_app_seat-booking-system] INFO  o.eclipse.m2e.core.internal.Bundles - 	Entry: C:\Users\Deepak\.p2\pool\plugins\org.eclipse.m2e.maven.runtime_3.9.900.20250220-2013\jars\maven-shared-utils-3.4.2.jar
2026-07-19 19:33:33,121 [Worker-23: Launching Executing clean in D__seat_booking_app_seat-booking-system] INFO  o.eclipse.m2e.core.internal.Bundles - 	Entry: C:\Users\Deepak\.p2\pool\plugins\org.eclipse.m2e.maven.runtime_3.9.900.20250220-2013\jars\org.eclipse.sisu.inject-0.9.0.M3.jar
2026-07-19 19:33:33,121 [Worker-23: Launching Executing clean in D__seat_booking_app_seat-booking-system] INFO  o.eclipse.m2e.core.internal.Bundles - 	Entry: C:\Users\Deepak\.p2\pool\plugins\org.eclipse.m2e.maven.runtime_3.9.900.20250220-2013\jars\org.eclipse.sisu.plexus-0.9.0.M3.jar
2026-07-19 19:33:33,121 [Worker-23: Launching Executing clean in D__seat_booking_app_seat-booking-system] INFO  o.eclipse.m2e.core.internal.Bundles - 	Entry: C:\Users\Deepak\.p2\pool\plugins\org.eclipse.m2e.maven.runtime_3.9.900.20250220-2013\jars\plexus-build-api-0.0.7.jar
2026-07-19 19:33:33,122 [Worker-23: Launching Executing clean in D__seat_booking_app_seat-booking-system] INFO  o.eclipse.m2e.core.internal.Bundles - 	Entry: C:\Users\Deepak\.p2\pool\plugins\org.eclipse.m2e.maven.runtime_3.9.900.20250220-2013\jars\plexus-build-api-1.2.0.jar
2026-07-19 19:33:33,122 [Worker-23: Launching Executing clean in D__seat_booking_app_seat-booking-system] INFO  o.eclipse.m2e.core.internal.Bundles - 	Entry: C:\Users\Deepak\.p2\pool\plugins\org.eclipse.m2e.maven.runtime_3.9.900.20250220-2013\jars\plexus-cipher-2.0.jar
2026-07-19 19:33:33,122 [Worker-23: Launching Executing clean in D__seat_booking_app_seat-booking-system] INFO  o.eclipse.m2e.core.internal.Bundles - 	Entry: C:\Users\Deepak\.p2\pool\plugins\org.eclipse.m2e.maven.runtime_3.9.900.20250220-2013\jars\plexus-classworlds-2.8.0.jar
2026-07-19 19:33:33,122 [Worker-23: Launching Executing clean in D__seat_booking_app_seat-booking-system] INFO  o.eclipse.m2e.core.internal.Bundles - 	Entry: C:\Users\Deepak\.p2\pool\plugins\org.eclipse.m2e.maven.runtime_3.9.900.20250220-2013\jars\plexus-component-annotations-2.1.0.jar
2026-07-19 19:33:33,122 [Worker-23: Launching Executing clean in D__seat_booking_app_seat-booking-system] INFO  o.eclipse.m2e.core.internal.Bundles - 	Entry: C:\Users\Deepak\.p2\pool\plugins\org.eclipse.m2e.maven.runtime_3.9.900.20250220-2013\jars\plexus-interpolation-1.27.jar
2026-07-19 19:33:33,122 [Worker-23: Launching Executing clean in D__seat_booking_app_seat-booking-system] INFO  o.eclipse.m2e.core.internal.Bundles - 	Entry: C:\Users\Deepak\.p2\pool\plugins\org.eclipse.m2e.maven.runtime_3.9.900.20250220-2013\jars\plexus-sec-dispatcher-2.0.jar
2026-07-19 19:33:33,123 [Worker-23: Launching Executing clean in D__seat_booking_app_seat-booking-system] INFO  o.eclipse.m2e.core.internal.Bundles - 	Entry: C:\Users\Deepak\.p2\pool\plugins\org.eclipse.m2e.maven.runtime_3.9.900.20250220-2013\jars\plexus-utils-3.5.1.jar
2026-07-19 19:33:33,123 [Worker-23: Launching Executing clean in D__seat_booking_app_seat-booking-system] INFO  o.eclipse.m2e.core.internal.Bundles - 	Entry: C:\Users\Deepak\.p2\pool\plugins\org.eclipse.m2e.maven.runtime_3.9.900.20250220-2013\jars\plexus-xml-3.0.1.jar
2026-07-19 19:33:33,123 [Worker-23: Launching Executing clean in D__seat_booking_app_seat-booking-system] INFO  o.eclipse.m2e.core.internal.Bundles - 	Entry: C:\Users\Deepak\.p2\pool\plugins\org.eclipse.m2e.maven.runtime_3.9.900.20250220-2013\jars\wagon-file-3.5.3.jar
2026-07-19 19:33:33,123 [Worker-23: Launching Executing clean in D__seat_booking_app_seat-booking-system] INFO  o.eclipse.m2e.core.internal.Bundles - 	Entry: C:\Users\Deepak\.p2\pool\plugins\org.eclipse.m2e.maven.runtime_3.9.900.20250220-2013\jars\wagon-http-3.5.3.jar
2026-07-19 19:33:33,123 [Worker-23: Launching Executing clean in D__seat_booking_app_seat-booking-system] INFO  o.eclipse.m2e.core.internal.Bundles - 	Entry: C:\Users\Deepak\.p2\pool\plugins\org.eclipse.m2e.maven.runtime_3.9.900.20250220-2013\jars\wagon-http-shared-3.5.3.jar
2026-07-19 19:33:33,124 [Worker-23: Launching Executing clean in D__seat_booking_app_seat-booking-system] INFO  o.eclipse.m2e.core.internal.Bundles - 	Entry: C:\Users\Deepak\.p2\pool\plugins\org.eclipse.m2e.maven.runtime_3.9.900.20250220-2013\jars\wagon-provider-api-3.5.3.jar
2026-07-19 19:33:33,125 [Worker-23: Launching Executing clean in D__seat_booking_app_seat-booking-system] INFO  o.eclipse.m2e.core.internal.Bundles - getClasspathEntries(Bundle=com.google.guava_33.4.8.jre [13])
2026-07-19 19:33:33,126 [Worker-23: Launching Executing clean in D__seat_booking_app_seat-booking-system] INFO  o.eclipse.m2e.core.internal.Bundles - 	Entry: C:\Users\Deepak\.p2\pool\plugins\com.google.guava_33.4.8.jre.jar
2026-07-19 19:33:33,126 [Worker-23: Launching Executing clean in D__seat_booking_app_seat-booking-system] INFO  o.eclipse.m2e.core.internal.Bundles - getClasspathEntries(Bundle=slf4j.api_2.0.17 [520])
2026-07-19 19:33:33,126 [Worker-23: Launching Executing clean in D__seat_booking_app_seat-booking-system] INFO  o.eclipse.m2e.core.internal.Bundles - 	Entry: C:\Users\Deepak\.p2\pool\plugins\slf4j.api_2.0.17.jar
2026-07-19 19:33:33,126 [Worker-23: Launching Executing clean in D__seat_booking_app_seat-booking-system] INFO  o.eclipse.m2e.core.internal.Bundles - getClasspathEntries(Bundle=jakarta.inject.jakarta.inject-api_1.0.5 [24])
2026-07-19 19:33:33,127 [Worker-23: Launching Executing clean in D__seat_booking_app_seat-booking-system] INFO  o.eclipse.m2e.core.internal.Bundles - 	Entry: C:\Users\Deepak\.p2\pool\plugins\jakarta.inject.jakarta.inject-api_1.0.5.jar
2026-07-19 19:33:33,127 [Worker-23: Launching Executing clean in D__seat_booking_app_seat-booking-system] INFO  o.eclipse.m2e.core.internal.Bundles - getClasspathEntries(Bundle=javax.annotation_1.3.5.v20200909-1856 [27])
2026-07-19 19:33:33,127 [Worker-23: Launching Executing clean in D__seat_booking_app_seat-booking-system] INFO  o.eclipse.m2e.core.internal.Bundles - 	Entry: C:\Users\Deepak\.p2\pool\plugins\javax.annotation_1.3.5.v20200909-1856.jar
2026-07-19 19:33:33,127 [Worker-23: Launching Executing clean in D__seat_booking_app_seat-booking-system] INFO  o.eclipse.m2e.core.internal.Bundles - getClasspathEntries(Bundle=org.apache.commons.cli_1.9.0 [49])
2026-07-19 19:33:33,128 [Worker-23: Launching Executing clean in D__seat_booking_app_seat-booking-system] INFO  o.eclipse.m2e.core.internal.Bundles - 	Entry: C:\Users\Deepak\.p2\pool\plugins\org.apache.commons.cli_1.9.0.jar
2026-07-19 19:33:33,128 [Worker-23: Launching Executing clean in D__seat_booking_app_seat-booking-system] INFO  o.eclipse.m2e.core.internal.Bundles - getClasspathEntries(Bundle=org.apache.commons.commons-codec_1.16.0 [50])
2026-07-19 19:33:33,128 [Worker-23: Launching Executing clean in D__seat_booking_app_seat-booking-system] INFO  o.eclipse.m2e.core.internal.Bundles - 	Entry: C:\Users\Deepak\.p2\pool\plugins\org.apache.commons.commons-codec_1.16.0.jar
2026-07-19 19:33:33,128 [Worker-23: Launching Executing clean in D__seat_booking_app_seat-booking-system] INFO  o.eclipse.m2e.core.internal.Bundles - getClasspathEntries(Bundle=com.google.guava.failureaccess_1.0.3 [14])
2026-07-19 19:33:33,129 [Worker-23: Launching Executing clean in D__seat_booking_app_seat-booking-system] INFO  o.eclipse.m2e.core.internal.Bundles - 	Entry: C:\Users\Deepak\.p2\pool\plugins\com.google.guava.failureaccess_1.0.3.jar
2026-07-19 19:33:33,133 [Worker-23: Launching Executing clean in D__seat_booking_app_seat-booking-system] INFO  o.e.m.i.launch.MavenLaunchDelegate - Run build in "D:\seat_booking_app\seat-booking-system":
2026-07-19 19:33:33,140 [Worker-23: Launching Executing clean in D__seat_booking_app_seat-booking-system] INFO  o.e.m.i.launch.MavenLaunchDelegate -  mvn  -B -Dstyle.color=always clean
2026-07-19 19:33:37,033 [Worker-22: Building] INFO  o.a.m.s.f.DefaultMavenResourcesFiltering - Copying 2 resources from src\main\resources to target\classes
2026-07-19 19:33:37,037 [Worker-22: Building] INFO  o.a.m.s.f.DefaultMavenResourcesFiltering - Copying 0 resource from src\main\resources to target\classes
2026-07-19 19:33:37,041 [Worker-22: Building] INFO  o.a.m.s.f.DefaultMavenResourcesFiltering - Copying 1 resource from src\test\resources to target\test-classes
2026-07-19 19:33:40,542 [Worker-23: Launching Executing install in D__seat_booking_app_seat-booking-system] INFO  o.eclipse.m2e.core.internal.Bundles - getClasspathEntries(Bundle=org.eclipse.m2e.maven.runtime_3.9.900.20250220-2013 [297])
2026-07-19 19:33:40,543 [Worker-23: Launching Executing install in D__seat_booking_app_seat-booking-system] INFO  o.eclipse.m2e.core.internal.Bundles - 	Entry: C:\Users\Deepak\.p2\pool\plugins\org.eclipse.m2e.maven.runtime_3.9.900.20250220-2013
2026-07-19 19:33:40,544 [Worker-23: Launching Executing install in D__seat_booking_app_seat-booking-system] INFO  o.eclipse.m2e.core.internal.Bundles - 	Entry: C:\Users\Deepak\.p2\pool\plugins\org.eclipse.m2e.maven.runtime_3.9.900.20250220-2013\jars\aopalliance-1.0.jar
2026-07-19 19:33:40,544 [Worker-23: Launching Executing install in D__seat_booking_app_seat-booking-system] INFO  o.eclipse.m2e.core.internal.Bundles - 	Entry: C:\Users\Deepak\.p2\pool\plugins\org.eclipse.m2e.maven.runtime_3.9.900.20250220-2013\jars\guice-5.1.0.jar
2026-07-19 19:33:40,544 [Worker-23: Launching Executing install in D__seat_booking_app_seat-booking-system] INFO  o.eclipse.m2e.core.internal.Bundles - 	Entry: C:\Users\Deepak\.p2\pool\plugins\org.eclipse.m2e.maven.runtime_3.9.900.20250220-2013\jars\httpclient-4.5.14.jar
2026-07-19 19:33:40,545 [Worker-23: Launching Executing install in D__seat_booking_app_seat-booking-system] INFO  o.eclipse.m2e.core.internal.Bundles - 	Entry: C:\Users\Deepak\.p2\pool\plugins\org.eclipse.m2e.maven.runtime_3.9.900.20250220-2013\jars\httpcore-4.4.16.jar
2026-07-19 19:33:40,545 [Worker-23: Launching Executing install in D__seat_booking_app_seat-booking-system] INFO  o.eclipse.m2e.core.internal.Bundles - 	Entry: C:\Users\Deepak\.p2\pool\plugins\org.eclipse.m2e.maven.runtime_3.9.900.20250220-2013\jars\jansi-2.4.1.jar
2026-07-19 19:33:40,545 [Worker-23: Launching Executing install in D__seat_booking_app_seat-booking-system] INFO  o.eclipse.m2e.core.internal.Bundles - 	Entry: C:\Users\Deepak\.p2\pool\plugins\org.eclipse.m2e.maven.runtime_3.9.900.20250220-2013\jars\jcl-over-slf4j-1.7.36.jar
2026-07-19 19:33:40,545 [Worker-23: Launching Executing install in D__seat_booking_app_seat-booking-system] INFO  o.eclipse.m2e.core.internal.Bundles - 	Entry: C:\Users\Deepak\.p2\pool\plugins\org.eclipse.m2e.maven.runtime_3.9.900.20250220-2013\jars\maven-artifact-3.9.9.jar
2026-07-19 19:33:40,546 [Worker-23: Launching Executing install in D__seat_booking_app_seat-booking-system] INFO  o.eclipse.m2e.core.internal.Bundles - 	Entry: C:\Users\Deepak\.p2\pool\plugins\org.eclipse.m2e.maven.runtime_3.9.900.20250220-2013\jars\maven-builder-support-3.9.9.jar
2026-07-19 19:33:40,546 [Worker-23: Launching Executing install in D__seat_booking_app_seat-booking-system] INFO  o.eclipse.m2e.core.internal.Bundles - 	Entry: C:\Users\Deepak\.p2\pool\plugins\org.eclipse.m2e.maven.runtime_3.9.900.20250220-2013\jars\maven-compat-3.9.9.jar
2026-07-19 19:33:40,546 [Worker-23: Launching Executing install in D__seat_booking_app_seat-booking-system] INFO  o.eclipse.m2e.core.internal.Bundles - 	Entry: C:\Users\Deepak\.p2\pool\plugins\org.eclipse.m2e.maven.runtime_3.9.900.20250220-2013\jars\maven-core-3.9.9.jar
2026-07-19 19:33:40,546 [Worker-23: Launching Executing install in D__seat_booking_app_seat-booking-system] INFO  o.eclipse.m2e.core.internal.Bundles - 	Entry: C:\Users\Deepak\.p2\pool\plugins\org.eclipse.m2e.maven.runtime_3.9.900.20250220-2013\jars\maven-embedder-3.9.9.jar
2026-07-19 19:33:40,547 [Worker-23: Launching Executing install in D__seat_booking_app_seat-booking-system] INFO  o.eclipse.m2e.core.internal.Bundles - 	Entry: C:\Users\Deepak\.p2\pool\plugins\org.eclipse.m2e.maven.runtime_3.9.900.20250220-2013\jars\maven-model-3.9.9.jar
2026-07-19 19:33:40,547 [Worker-23: Launching Executing install in D__seat_booking_app_seat-booking-system] INFO  o.eclipse.m2e.core.internal.Bundles - 	Entry: C:\Users\Deepak\.p2\pool\plugins\org.eclipse.m2e.maven.runtime_3.9.900.20250220-2013\jars\maven-model-builder-3.9.9.jar
2026-07-19 19:33:40,547 [Worker-23: Launching Executing install in D__seat_booking_app_seat-booking-system] INFO  o.eclipse.m2e.core.internal.Bundles - 	Entry: C:\Users\Deepak\.p2\pool\plugins\org.eclipse.m2e.maven.runtime_3.9.900.20250220-2013\jars\maven-plugin-api-3.9.9.jar
2026-07-19 19:33:40,547 [Worker-23: Launching Executing install in D__seat_booking_app_seat-booking-system] INFO  o.eclipse.m2e.core.internal.Bundles - 	Entry: C:\Users\Deepak\.p2\pool\plugins\org.eclipse.m2e.maven.runtime_3.9.900.20250220-2013\jars\maven-repository-metadata-3.9.9.jar
2026-07-19 19:33:40,547 [Worker-23: Launching Executing install in D__seat_booking_app_seat-booking-system] INFO  o.eclipse.m2e.core.internal.Bundles - 	Entry: C:\Users\Deepak\.p2\pool\plugins\org.eclipse.m2e.maven.runtime_3.9.900.20250220-2013\jars\maven-resolver-api-1.9.22.jar
2026-07-19 19:33:40,548 [Worker-23: Launching Executing install in D__seat_booking_app_seat-booking-system] INFO  o.eclipse.m2e.core.internal.Bundles - 	Entry: C:\Users\Deepak\.p2\pool\plugins\org.eclipse.m2e.maven.runtime_3.9.900.20250220-2013\jars\maven-resolver-connector-basic-1.9.22.jar
2026-07-19 19:33:40,548 [Worker-23: Launching Executing install in D__seat_booking_app_seat-booking-system] INFO  o.eclipse.m2e.core.internal.Bundles - 	Entry: C:\Users\Deepak\.p2\pool\plugins\org.eclipse.m2e.maven.runtime_3.9.900.20250220-2013\jars\maven-resolver-impl-1.9.22.jar
2026-07-19 19:33:40,548 [Worker-23: Launching Executing install in D__seat_booking_app_seat-booking-system] INFO  o.eclipse.m2e.core.internal.Bundles - 	Entry: C:\Users\Deepak\.p2\pool\plugins\org.eclipse.m2e.maven.runtime_3.9.900.20250220-2013\jars\maven-resolver-named-locks-1.9.22.jar
2026-07-19 19:33:40,549 [Worker-23: Launching Executing install in D__seat_booking_app_seat-booking-system] INFO  o.eclipse.m2e.core.internal.Bundles - 	Entry: C:\Users\Deepak\.p2\pool\plugins\org.eclipse.m2e.maven.runtime_3.9.900.20250220-2013\jars\maven-resolver-provider-3.9.9.jar
2026-07-19 19:33:40,549 [Worker-23: Launching Executing install in D__seat_booking_app_seat-booking-system] INFO  o.eclipse.m2e.core.internal.Bundles - 	Entry: C:\Users\Deepak\.p2\pool\plugins\org.eclipse.m2e.maven.runtime_3.9.900.20250220-2013\jars\maven-resolver-spi-1.9.22.jar
2026-07-19 19:33:40,549 [Worker-23: Launching Executing install in D__seat_booking_app_seat-booking-system] INFO  o.eclipse.m2e.core.internal.Bundles - 	Entry: C:\Users\Deepak\.p2\pool\plugins\org.eclipse.m2e.maven.runtime_3.9.900.20250220-2013\jars\maven-resolver-transport-file-1.9.22.jar
2026-07-19 19:33:40,549 [Worker-23: Launching Executing install in D__seat_booking_app_seat-booking-system] INFO  o.eclipse.m2e.core.internal.Bundles - 	Entry: C:\Users\Deepak\.p2\pool\plugins\org.eclipse.m2e.maven.runtime_3.9.900.20250220-2013\jars\maven-resolver-transport-http-1.9.22.jar
2026-07-19 19:33:40,550 [Worker-23: Launching Executing install in D__seat_booking_app_seat-booking-system] INFO  o.eclipse.m2e.core.internal.Bundles - 	Entry: C:\Users\Deepak\.p2\pool\plugins\org.eclipse.m2e.maven.runtime_3.9.900.20250220-2013\jars\maven-resolver-transport-wagon-1.9.22.jar
2026-07-19 19:33:40,550 [Worker-23: Launching Executing install in D__seat_booking_app_seat-booking-system] INFO  o.eclipse.m2e.core.internal.Bundles - 	Entry: C:\Users\Deepak\.p2\pool\plugins\org.eclipse.m2e.maven.runtime_3.9.900.20250220-2013\jars\maven-resolver-util-1.9.22.jar
2026-07-19 19:33:40,550 [Worker-23: Launching Executing install in D__seat_booking_app_seat-booking-system] INFO  o.eclipse.m2e.core.internal.Bundles - 	Entry: C:\Users\Deepak\.p2\pool\plugins\org.eclipse.m2e.maven.runtime_3.9.900.20250220-2013\jars\maven-settings-3.9.9.jar
2026-07-19 19:33:40,550 [Worker-23: Launching Executing install in D__seat_booking_app_seat-booking-system] INFO  o.eclipse.m2e.core.internal.Bundles - 	Entry: C:\Users\Deepak\.p2\pool\plugins\org.eclipse.m2e.maven.runtime_3.9.900.20250220-2013\jars\maven-settings-builder-3.9.9.jar
2026-07-19 19:33:40,550 [Worker-23: Launching Executing install in D__seat_booking_app_seat-booking-system] INFO  o.eclipse.m2e.core.internal.Bundles - 	Entry: C:\Users\Deepak\.p2\pool\plugins\org.eclipse.m2e.maven.runtime_3.9.900.20250220-2013\jars\maven-shared-utils-3.4.2.jar
2026-07-19 19:33:40,550 [Worker-23: Launching Executing install in D__seat_booking_app_seat-booking-system] INFO  o.eclipse.m2e.core.internal.Bundles - 	Entry: C:\Users\Deepak\.p2\pool\plugins\org.eclipse.m2e.maven.runtime_3.9.900.20250220-2013\jars\org.eclipse.sisu.inject-0.9.0.M3.jar
2026-07-19 19:33:40,551 [Worker-23: Launching Executing install in D__seat_booking_app_seat-booking-system] INFO  o.eclipse.m2e.core.internal.Bundles - 	Entry: C:\Users\Deepak\.p2\pool\plugins\org.eclipse.m2e.maven.runtime_3.9.900.20250220-2013\jars\org.eclipse.sisu.plexus-0.9.0.M3.jar
2026-07-19 19:33:40,551 [Worker-23: Launching Executing install in D__seat_booking_app_seat-booking-system] INFO  o.eclipse.m2e.core.internal.Bundles - 	Entry: C:\Users\Deepak\.p2\pool\plugins\org.eclipse.m2e.maven.runtime_3.9.900.20250220-2013\jars\plexus-build-api-0.0.7.jar
2026-07-19 19:33:40,551 [Worker-23: Launching Executing install in D__seat_booking_app_seat-booking-system] INFO  o.eclipse.m2e.core.internal.Bundles - 	Entry: C:\Users\Deepak\.p2\pool\plugins\org.eclipse.m2e.maven.runtime_3.9.900.20250220-2013\jars\plexus-build-api-1.2.0.jar
2026-07-19 19:33:40,551 [Worker-23: Launching Executing install in D__seat_booking_app_seat-booking-system] INFO  o.eclipse.m2e.core.internal.Bundles - 	Entry: C:\Users\Deepak\.p2\pool\plugins\org.eclipse.m2e.maven.runtime_3.9.900.20250220-2013\jars\plexus-cipher-2.0.jar
2026-07-19 19:33:40,551 [Worker-23: Launching Executing install in D__seat_booking_app_seat-booking-system] INFO  o.eclipse.m2e.core.internal.Bundles - 	Entry: C:\Users\Deepak\.p2\pool\plugins\org.eclipse.m2e.maven.runtime_3.9.900.20250220-2013\jars\plexus-classworlds-2.8.0.jar
2026-07-19 19:33:40,551 [Worker-23: Launching Executing install in D__seat_booking_app_seat-booking-system] INFO  o.eclipse.m2e.core.internal.Bundles - 	Entry: C:\Users\Deepak\.p2\pool\plugins\org.eclipse.m2e.maven.runtime_3.9.900.20250220-2013\jars\plexus-component-annotations-2.1.0.jar
2026-07-19 19:33:40,552 [Worker-23: Launching Executing install in D__seat_booking_app_seat-booking-system] INFO  o.eclipse.m2e.core.internal.Bundles - 	Entry: C:\Users\Deepak\.p2\pool\plugins\org.eclipse.m2e.maven.runtime_3.9.900.20250220-2013\jars\plexus-interpolation-1.27.jar
2026-07-19 19:33:40,552 [Worker-23: Launching Executing install in D__seat_booking_app_seat-booking-system] INFO  o.eclipse.m2e.core.internal.Bundles - 	Entry: C:\Users\Deepak\.p2\pool\plugins\org.eclipse.m2e.maven.runtime_3.9.900.20250220-2013\jars\plexus-sec-dispatcher-2.0.jar
2026-07-19 19:33:40,552 [Worker-23: Launching Executing install in D__seat_booking_app_seat-booking-system] INFO  o.eclipse.m2e.core.internal.Bundles - 	Entry: C:\Users\Deepak\.p2\pool\plugins\org.eclipse.m2e.maven.runtime_3.9.900.20250220-2013\jars\plexus-utils-3.5.1.jar
2026-07-19 19:33:40,552 [Worker-23: Launching Executing install in D__seat_booking_app_seat-booking-system] INFO  o.eclipse.m2e.core.internal.Bundles - 	Entry: C:\Users\Deepak\.p2\pool\plugins\org.eclipse.m2e.maven.runtime_3.9.900.20250220-2013\jars\plexus-xml-3.0.1.jar
2026-07-19 19:33:40,553 [Worker-23: Launching Executing install in D__seat_booking_app_seat-booking-system] INFO  o.eclipse.m2e.core.internal.Bundles - 	Entry: C:\Users\Deepak\.p2\pool\plugins\org.eclipse.m2e.maven.runtime_3.9.900.20250220-2013\jars\wagon-file-3.5.3.jar
2026-07-19 19:33:40,553 [Worker-23: Launching Executing install in D__seat_booking_app_seat-booking-system] INFO  o.eclipse.m2e.core.internal.Bundles - 	Entry: C:\Users\Deepak\.p2\pool\plugins\org.eclipse.m2e.maven.runtime_3.9.900.20250220-2013\jars\wagon-http-3.5.3.jar
2026-07-19 19:33:40,553 [Worker-23: Launching Executing install in D__seat_booking_app_seat-booking-system] INFO  o.eclipse.m2e.core.internal.Bundles - 	Entry: C:\Users\Deepak\.p2\pool\plugins\org.eclipse.m2e.maven.runtime_3.9.900.20250220-2013\jars\wagon-http-shared-3.5.3.jar
2026-07-19 19:33:40,553 [Worker-23: Launching Executing install in D__seat_booking_app_seat-booking-system] INFO  o.eclipse.m2e.core.internal.Bundles - 	Entry: C:\Users\Deepak\.p2\pool\plugins\org.eclipse.m2e.maven.runtime_3.9.900.20250220-2013\jars\wagon-provider-api-3.5.3.jar
2026-07-19 19:33:40,554 [Worker-23: Launching Executing install in D__seat_booking_app_seat-booking-system] INFO  o.eclipse.m2e.core.internal.Bundles - getClasspathEntries(Bundle=com.google.guava_33.4.8.jre [13])
2026-07-19 19:33:40,554 [Worker-23: Launching Executing install in D__seat_booking_app_seat-booking-system] INFO  o.eclipse.m2e.core.internal.Bundles - 	Entry: C:\Users\Deepak\.p2\pool\plugins\com.google.guava_33.4.8.jre.jar
2026-07-19 19:33:40,555 [Worker-23: Launching Executing install in D__seat_booking_app_seat-booking-system] INFO  o.eclipse.m2e.core.internal.Bundles - getClasspathEntries(Bundle=slf4j.api_2.0.17 [520])
2026-07-19 19:33:40,555 [Worker-23: Launching Executing install in D__seat_booking_app_seat-booking-system] INFO  o.eclipse.m2e.core.internal.Bundles - 	Entry: C:\Users\Deepak\.p2\pool\plugins\slf4j.api_2.0.17.jar
2026-07-19 19:33:40,555 [Worker-23: Launching Executing install in D__seat_booking_app_seat-booking-system] INFO  o.eclipse.m2e.core.internal.Bundles - getClasspathEntries(Bundle=jakarta.inject.jakarta.inject-api_1.0.5 [24])
2026-07-19 19:33:40,555 [Worker-23: Launching Executing install in D__seat_booking_app_seat-booking-system] INFO  o.eclipse.m2e.core.internal.Bundles - 	Entry: C:\Users\Deepak\.p2\pool\plugins\jakarta.inject.jakarta.inject-api_1.0.5.jar
2026-07-19 19:33:40,556 [Worker-23: Launching Executing install in D__seat_booking_app_seat-booking-system] INFO  o.eclipse.m2e.core.internal.Bundles - getClasspathEntries(Bundle=javax.annotation_1.3.5.v20200909-1856 [27])
2026-07-19 19:33:40,556 [Worker-23: Launching Executing install in D__seat_booking_app_seat-booking-system] INFO  o.eclipse.m2e.core.internal.Bundles - 	Entry: C:\Users\Deepak\.p2\pool\plugins\javax.annotation_1.3.5.v20200909-1856.jar
2026-07-19 19:33:40,556 [Worker-23: Launching Executing install in D__seat_booking_app_seat-booking-system] INFO  o.eclipse.m2e.core.internal.Bundles - getClasspathEntries(Bundle=org.apache.commons.cli_1.9.0 [49])
2026-07-19 19:33:40,556 [Worker-23: Launching Executing install in D__seat_booking_app_seat-booking-system] INFO  o.eclipse.m2e.core.internal.Bundles - 	Entry: C:\Users\Deepak\.p2\pool\plugins\org.apache.commons.cli_1.9.0.jar
2026-07-19 19:33:40,556 [Worker-23: Launching Executing install in D__seat_booking_app_seat-booking-system] INFO  o.eclipse.m2e.core.internal.Bundles - getClasspathEntries(Bundle=org.apache.commons.commons-codec_1.16.0 [50])
2026-07-19 19:33:40,557 [Worker-23: Launching Executing install in D__seat_booking_app_seat-booking-system] INFO  o.eclipse.m2e.core.internal.Bundles - 	Entry: C:\Users\Deepak\.p2\pool\plugins\org.apache.commons.commons-codec_1.16.0.jar
2026-07-19 19:33:40,557 [Worker-23: Launching Executing install in D__seat_booking_app_seat-booking-system] INFO  o.eclipse.m2e.core.internal.Bundles - getClasspathEntries(Bundle=com.google.guava.failureaccess_1.0.3 [14])
2026-07-19 19:33:40,557 [Worker-23: Launching Executing install in D__seat_booking_app_seat-booking-system] INFO  o.eclipse.m2e.core.internal.Bundles - 	Entry: C:\Users\Deepak\.p2\pool\plugins\com.google.guava.failureaccess_1.0.3.jar
2026-07-19 19:33:40,559 [Worker-23: Launching Executing install in D__seat_booking_app_seat-booking-system] INFO  o.e.m.i.launch.MavenLaunchDelegate - Run build in "D:\seat_booking_app\seat-booking-system":
2026-07-19 19:33:40,559 [Worker-23: Launching Executing install in D__seat_booking_app_seat-booking-system] INFO  o.e.m.i.launch.MavenLaunchDelegate -  mvn  -B -Dstyle.color=always install
2026-07-19 19:35:59,252 [Worker-23: Building] INFO  o.a.m.s.f.DefaultMavenResourcesFiltering - Copying 0 resource from src\main\resources to target\classes
2026-07-19 19:35:59,254 [Worker-23: Building] INFO  o.a.m.s.f.DefaultMavenResourcesFiltering - Copying 0 resource from src\main\resources to target\classes
2026-07-19 19:35:59,259 [Worker-23: Building] INFO  o.a.m.s.f.DefaultMavenResourcesFiltering - Copying 0 resource from src\test\resources to target\test-classes
2026-07-19 19:36:02,522 [Worker-21: Building] INFO  o.a.m.s.f.DefaultMavenResourcesFiltering - Copying 1 resource from src\main\resources to target\classes
2026-07-19 19:36:02,529 [Worker-21: Building] INFO  o.a.m.s.f.DefaultMavenResourcesFiltering - Copying 0 resource from src\main\resources to target\classes
2026-07-19 19:36:02,532 [Worker-21: Building] INFO  o.a.m.s.f.DefaultMavenResourcesFiltering - Copying 0 resource from src\test\resources to target\test-classes
2026-07-19 19:36:11,035 [Worker-9: Launching Executing clean in D__seat_booking_app_seat-booking-system] INFO  o.eclipse.m2e.core.internal.Bundles - getClasspathEntries(Bundle=org.eclipse.m2e.maven.runtime_3.9.900.20250220-2013 [297])
2026-07-19 19:36:11,036 [Worker-9: Launching Executing clean in D__seat_booking_app_seat-booking-system] INFO  o.eclipse.m2e.core.internal.Bundles - 	Entry: C:\Users\Deepak\.p2\pool\plugins\org.eclipse.m2e.maven.runtime_3.9.900.20250220-2013
2026-07-19 19:36:11,037 [Worker-9: Launching Executing clean in D__seat_booking_app_seat-booking-system] INFO  o.eclipse.m2e.core.internal.Bundles - 	Entry: C:\Users\Deepak\.p2\pool\plugins\org.eclipse.m2e.maven.runtime_3.9.900.20250220-2013\jars\aopalliance-1.0.jar
2026-07-19 19:36:11,037 [Worker-9: Launching Executing clean in D__seat_booking_app_seat-booking-system] INFO  o.eclipse.m2e.core.internal.Bundles - 	Entry: C:\Users\Deepak\.p2\pool\plugins\org.eclipse.m2e.maven.runtime_3.9.900.20250220-2013\jars\guice-5.1.0.jar
2026-07-19 19:36:11,037 [Worker-9: Launching Executing clean in D__seat_booking_app_seat-booking-system] INFO  o.eclipse.m2e.core.internal.Bundles - 	Entry: C:\Users\Deepak\.p2\pool\plugins\org.eclipse.m2e.maven.runtime_3.9.900.20250220-2013\jars\httpclient-4.5.14.jar
2026-07-19 19:36:11,038 [Worker-9: Launching Executing clean in D__seat_booking_app_seat-booking-system] INFO  o.eclipse.m2e.core.internal.Bundles - 	Entry: C:\Users\Deepak\.p2\pool\plugins\org.eclipse.m2e.maven.runtime_3.9.900.20250220-2013\jars\httpcore-4.4.16.jar
2026-07-19 19:36:11,038 [Worker-9: Launching Executing clean in D__seat_booking_app_seat-booking-system] INFO  o.eclipse.m2e.core.internal.Bundles - 	Entry: C:\Users\Deepak\.p2\pool\plugins\org.eclipse.m2e.maven.runtime_3.9.900.20250220-2013\jars\jansi-2.4.1.jar
2026-07-19 19:36:11,038 [Worker-9: Launching Executing clean in D__seat_booking_app_seat-booking-system] INFO  o.eclipse.m2e.core.internal.Bundles - 	Entry: C:\Users\Deepak\.p2\pool\plugins\org.eclipse.m2e.maven.runtime_3.9.900.20250220-2013\jars\jcl-over-slf4j-1.7.36.jar
2026-07-19 19:36:11,039 [Worker-9: Launching Executing clean in D__seat_booking_app_seat-booking-system] INFO  o.eclipse.m2e.core.internal.Bundles - 	Entry: C:\Users\Deepak\.p2\pool\plugins\org.eclipse.m2e.maven.runtime_3.9.900.20250220-2013\jars\maven-artifact-3.9.9.jar
2026-07-19 19:36:11,039 [Worker-9: Launching Executing clean in D__seat_booking_app_seat-booking-system] INFO  o.eclipse.m2e.core.internal.Bundles - 	Entry: C:\Users\Deepak\.p2\pool\plugins\org.eclipse.m2e.maven.runtime_3.9.900.20250220-2013\jars\maven-builder-support-3.9.9.jar
2026-07-19 19:36:11,039 [Worker-9: Launching Executing clean in D__seat_booking_app_seat-booking-system] INFO  o.eclipse.m2e.core.internal.Bundles - 	Entry: C:\Users\Deepak\.p2\pool\plugins\org.eclipse.m2e.maven.runtime_3.9.900.20250220-2013\jars\maven-compat-3.9.9.jar
2026-07-19 19:36:11,039 [Worker-9: Launching Executing clean in D__seat_booking_app_seat-booking-system] INFO  o.eclipse.m2e.core.internal.Bundles - 	Entry: C:\Users\Deepak\.p2\pool\plugins\org.eclipse.m2e.maven.runtime_3.9.900.20250220-2013\jars\maven-core-3.9.9.jar
2026-07-19 19:36:11,040 [Worker-9: Launching Executing clean in D__seat_booking_app_seat-booking-system] INFO  o.eclipse.m2e.core.internal.Bundles - 	Entry: C:\Users\Deepak\.p2\pool\plugins\org.eclipse.m2e.maven.runtime_3.9.900.20250220-2013\jars\maven-embedder-3.9.9.jar
2026-07-19 19:36:11,040 [Worker-9: Launching Executing clean in D__seat_booking_app_seat-booking-system] INFO  o.eclipse.m2e.core.internal.Bundles - 	Entry: C:\Users\Deepak\.p2\pool\plugins\org.eclipse.m2e.maven.runtime_3.9.900.20250220-2013\jars\maven-model-3.9.9.jar
2026-07-19 19:36:11,040 [Worker-9: Launching Executing clean in D__seat_booking_app_seat-booking-system] INFO  o.eclipse.m2e.core.internal.Bundles - 	Entry: C:\Users\Deepak\.p2\pool\plugins\org.eclipse.m2e.maven.runtime_3.9.900.20250220-2013\jars\maven-model-builder-3.9.9.jar
2026-07-19 19:36:11,040 [Worker-9: Launching Executing clean in D__seat_booking_app_seat-booking-system] INFO  o.eclipse.m2e.core.internal.Bundles - 	Entry: C:\Users\Deepak\.p2\pool\plugins\org.eclipse.m2e.maven.runtime_3.9.900.20250220-2013\jars\maven-plugin-api-3.9.9.jar
2026-07-19 19:36:11,041 [Worker-9: Launching Executing clean in D__seat_booking_app_seat-booking-system] INFO  o.eclipse.m2e.core.internal.Bundles - 	Entry: C:\Users\Deepak\.p2\pool\plugins\org.eclipse.m2e.maven.runtime_3.9.900.20250220-2013\jars\maven-repository-metadata-3.9.9.jar
2026-07-19 19:36:11,041 [Worker-9: Launching Executing clean in D__seat_booking_app_seat-booking-system] INFO  o.eclipse.m2e.core.internal.Bundles - 	Entry: C:\Users\Deepak\.p2\pool\plugins\org.eclipse.m2e.maven.runtime_3.9.900.20250220-2013\jars\maven-resolver-api-1.9.22.jar
2026-07-19 19:36:11,042 [Worker-9: Launching Executing clean in D__seat_booking_app_seat-booking-system] INFO  o.eclipse.m2e.core.internal.Bundles - 	Entry: C:\Users\Deepak\.p2\pool\plugins\org.eclipse.m2e.maven.runtime_3.9.900.20250220-2013\jars\maven-resolver-connector-basic-1.9.22.jar
2026-07-19 19:36:11,042 [Worker-9: Launching Executing clean in D__seat_booking_app_seat-booking-system] INFO  o.eclipse.m2e.core.internal.Bundles - 	Entry: C:\Users\Deepak\.p2\pool\plugins\org.eclipse.m2e.maven.runtime_3.9.900.20250220-2013\jars\maven-resolver-impl-1.9.22.jar
2026-07-19 19:36:11,043 [Worker-9: Launching Executing clean in D__seat_booking_app_seat-booking-system] INFO  o.eclipse.m2e.core.internal.Bundles - 	Entry: C:\Users\Deepak\.p2\pool\plugins\org.eclipse.m2e.maven.runtime_3.9.900.20250220-2013\jars\maven-resolver-named-locks-1.9.22.jar
2026-07-19 19:36:11,043 [Worker-9: Launching Executing clean in D__seat_booking_app_seat-booking-system] INFO  o.eclipse.m2e.core.internal.Bundles - 	Entry: C:\Users\Deepak\.p2\pool\plugins\org.eclipse.m2e.maven.runtime_3.9.900.20250220-2013\jars\maven-resolver-provider-3.9.9.jar
2026-07-19 19:36:11,043 [Worker-9: Launching Executing clean in D__seat_booking_app_seat-booking-system] INFO  o.eclipse.m2e.core.internal.Bundles - 	Entry: C:\Users\Deepak\.p2\pool\plugins\org.eclipse.m2e.maven.runtime_3.9.900.20250220-2013\jars\maven-resolver-spi-1.9.22.jar
2026-07-19 19:36:11,044 [Worker-9: Launching Executing clean in D__seat_booking_app_seat-booking-system] INFO  o.eclipse.m2e.core.internal.Bundles - 	Entry: C:\Users\Deepak\.p2\pool\plugins\org.eclipse.m2e.maven.runtime_3.9.900.20250220-2013\jars\maven-resolver-transport-file-1.9.22.jar
2026-07-19 19:36:11,044 [Worker-9: Launching Executing clean in D__seat_booking_app_seat-booking-system] INFO  o.eclipse.m2e.core.internal.Bundles - 	Entry: C:\Users\Deepak\.p2\pool\plugins\org.eclipse.m2e.maven.runtime_3.9.900.20250220-2013\jars\maven-resolver-transport-http-1.9.22.jar
2026-07-19 19:36:11,044 [Worker-9: Launching Executing clean in D__seat_booking_app_seat-booking-system] INFO  o.eclipse.m2e.core.internal.Bundles - 	Entry: C:\Users\Deepak\.p2\pool\plugins\org.eclipse.m2e.maven.runtime_3.9.900.20250220-2013\jars\maven-resolver-transport-wagon-1.9.22.jar
2026-07-19 19:36:11,045 [Worker-9: Launching Executing clean in D__seat_booking_app_seat-booking-system] INFO  o.eclipse.m2e.core.internal.Bundles - 	Entry: C:\Users\Deepak\.p2\pool\plugins\org.eclipse.m2e.maven.runtime_3.9.900.20250220-2013\jars\maven-resolver-util-1.9.22.jar
2026-07-19 19:36:11,045 [Worker-9: Launching Executing clean in D__seat_booking_app_seat-booking-system] INFO  o.eclipse.m2e.core.internal.Bundles - 	Entry: C:\Users\Deepak\.p2\pool\plugins\org.eclipse.m2e.maven.runtime_3.9.900.20250220-2013\jars\maven-settings-3.9.9.jar
2026-07-19 19:36:11,045 [Worker-9: Launching Executing clean in D__seat_booking_app_seat-booking-system] INFO  o.eclipse.m2e.core.internal.Bundles - 	Entry: C:\Users\Deepak\.p2\pool\plugins\org.eclipse.m2e.maven.runtime_3.9.900.20250220-2013\jars\maven-settings-builder-3.9.9.jar
2026-07-19 19:36:11,046 [Worker-9: Launching Executing clean in D__seat_booking_app_seat-booking-system] INFO  o.eclipse.m2e.core.internal.Bundles - 	Entry: C:\Users\Deepak\.p2\pool\plugins\org.eclipse.m2e.maven.runtime_3.9.900.20250220-2013\jars\maven-shared-utils-3.4.2.jar
2026-07-19 19:36:11,046 [Worker-9: Launching Executing clean in D__seat_booking_app_seat-booking-system] INFO  o.eclipse.m2e.core.internal.Bundles - 	Entry: C:\Users\Deepak\.p2\pool\plugins\org.eclipse.m2e.maven.runtime_3.9.900.20250220-2013\jars\org.eclipse.sisu.inject-0.9.0.M3.jar
2026-07-19 19:36:11,046 [Worker-9: Launching Executing clean in D__seat_booking_app_seat-booking-system] INFO  o.eclipse.m2e.core.internal.Bundles - 	Entry: C:\Users\Deepak\.p2\pool\plugins\org.eclipse.m2e.maven.runtime_3.9.900.20250220-2013\jars\org.eclipse.sisu.plexus-0.9.0.M3.jar
2026-07-19 19:36:11,046 [Worker-9: Launching Executing clean in D__seat_booking_app_seat-booking-system] INFO  o.eclipse.m2e.core.internal.Bundles - 	Entry: C:\Users\Deepak\.p2\pool\plugins\org.eclipse.m2e.maven.runtime_3.9.900.20250220-2013\jars\plexus-build-api-0.0.7.jar
2026-07-19 19:36:11,047 [Worker-9: Launching Executing clean in D__seat_booking_app_seat-booking-system] INFO  o.eclipse.m2e.core.internal.Bundles - 	Entry: C:\Users\Deepak\.p2\pool\plugins\org.eclipse.m2e.maven.runtime_3.9.900.20250220-2013\jars\plexus-build-api-1.2.0.jar
2026-07-19 19:36:11,047 [Worker-9: Launching Executing clean in D__seat_booking_app_seat-booking-system] INFO  o.eclipse.m2e.core.internal.Bundles - 	Entry: C:\Users\Deepak\.p2\pool\plugins\org.eclipse.m2e.maven.runtime_3.9.900.20250220-2013\jars\plexus-cipher-2.0.jar
2026-07-19 19:36:11,047 [Worker-9: Launching Executing clean in D__seat_booking_app_seat-booking-system] INFO  o.eclipse.m2e.core.internal.Bundles - 	Entry: C:\Users\Deepak\.p2\pool\plugins\org.eclipse.m2e.maven.runtime_3.9.900.20250220-2013\jars\plexus-classworlds-2.8.0.jar
2026-07-19 19:36:11,047 [Worker-9: Launching Executing clean in D__seat_booking_app_seat-booking-system] INFO  o.eclipse.m2e.core.internal.Bundles - 	Entry: C:\Users\Deepak\.p2\pool\plugins\org.eclipse.m2e.maven.runtime_3.9.900.20250220-2013\jars\plexus-component-annotations-2.1.0.jar
2026-07-19 19:36:11,048 [Worker-9: Launching Executing clean in D__seat_booking_app_seat-booking-system] INFO  o.eclipse.m2e.core.internal.Bundles - 	Entry: C:\Users\Deepak\.p2\pool\plugins\org.eclipse.m2e.maven.runtime_3.9.900.20250220-2013\jars\plexus-interpolation-1.27.jar
2026-07-19 19:36:11,048 [Worker-9: Launching Executing clean in D__seat_booking_app_seat-booking-system] INFO  o.eclipse.m2e.core.internal.Bundles - 	Entry: C:\Users\Deepak\.p2\pool\plugins\org.eclipse.m2e.maven.runtime_3.9.900.20250220-2013\jars\plexus-sec-dispatcher-2.0.jar
2026-07-19 19:36:11,048 [Worker-9: Launching Executing clean in D__seat_booking_app_seat-booking-system] INFO  o.eclipse.m2e.core.internal.Bundles - 	Entry: C:\Users\Deepak\.p2\pool\plugins\org.eclipse.m2e.maven.runtime_3.9.900.20250220-2013\jars\plexus-utils-3.5.1.jar
2026-07-19 19:36:11,049 [Worker-9: Launching Executing clean in D__seat_booking_app_seat-booking-system] INFO  o.eclipse.m2e.core.internal.Bundles - 	Entry: C:\Users\Deepak\.p2\pool\plugins\org.eclipse.m2e.maven.runtime_3.9.900.20250220-2013\jars\plexus-xml-3.0.1.jar
2026-07-19 19:36:11,049 [Worker-9: Launching Executing clean in D__seat_booking_app_seat-booking-system] INFO  o.eclipse.m2e.core.internal.Bundles - 	Entry: C:\Users\Deepak\.p2\pool\plugins\org.eclipse.m2e.maven.runtime_3.9.900.20250220-2013\jars\wagon-file-3.5.3.jar
2026-07-19 19:36:11,049 [Worker-9: Launching Executing clean in D__seat_booking_app_seat-booking-system] INFO  o.eclipse.m2e.core.internal.Bundles - 	Entry: C:\Users\Deepak\.p2\pool\plugins\org.eclipse.m2e.maven.runtime_3.9.900.20250220-2013\jars\wagon-http-3.5.3.jar
2026-07-19 19:36:11,049 [Worker-9: Launching Executing clean in D__seat_booking_app_seat-booking-system] INFO  o.eclipse.m2e.core.internal.Bundles - 	Entry: C:\Users\Deepak\.p2\pool\plugins\org.eclipse.m2e.maven.runtime_3.9.900.20250220-2013\jars\wagon-http-shared-3.5.3.jar
2026-07-19 19:36:11,050 [Worker-9: Launching Executing clean in D__seat_booking_app_seat-booking-system] INFO  o.eclipse.m2e.core.internal.Bundles - 	Entry: C:\Users\Deepak\.p2\pool\plugins\org.eclipse.m2e.maven.runtime_3.9.900.20250220-2013\jars\wagon-provider-api-3.5.3.jar
2026-07-19 19:36:11,050 [Worker-9: Launching Executing clean in D__seat_booking_app_seat-booking-system] INFO  o.eclipse.m2e.core.internal.Bundles - getClasspathEntries(Bundle=com.google.guava_33.4.8.jre [13])
2026-07-19 19:36:11,051 [Worker-9: Launching Executing clean in D__seat_booking_app_seat-booking-system] INFO  o.eclipse.m2e.core.internal.Bundles - 	Entry: C:\Users\Deepak\.p2\pool\plugins\com.google.guava_33.4.8.jre.jar
2026-07-19 19:36:11,051 [Worker-9: Launching Executing clean in D__seat_booking_app_seat-booking-system] INFO  o.eclipse.m2e.core.internal.Bundles - getClasspathEntries(Bundle=slf4j.api_2.0.17 [520])
2026-07-19 19:36:11,052 [Worker-9: Launching Executing clean in D__seat_booking_app_seat-booking-system] INFO  o.eclipse.m2e.core.internal.Bundles - 	Entry: C:\Users\Deepak\.p2\pool\plugins\slf4j.api_2.0.17.jar
2026-07-19 19:36:11,052 [Worker-9: Launching Executing clean in D__seat_booking_app_seat-booking-system] INFO  o.eclipse.m2e.core.internal.Bundles - getClasspathEntries(Bundle=jakarta.inject.jakarta.inject-api_1.0.5 [24])
2026-07-19 19:36:11,053 [Worker-9: Launching Executing clean in D__seat_booking_app_seat-booking-system] INFO  o.eclipse.m2e.core.internal.Bundles - 	Entry: C:\Users\Deepak\.p2\pool\plugins\jakarta.inject.jakarta.inject-api_1.0.5.jar
2026-07-19 19:36:11,054 [Worker-9: Launching Executing clean in D__seat_booking_app_seat-booking-system] INFO  o.eclipse.m2e.core.internal.Bundles - getClasspathEntries(Bundle=javax.annotation_1.3.5.v20200909-1856 [27])
2026-07-19 19:36:11,055 [Worker-9: Launching Executing clean in D__seat_booking_app_seat-booking-system] INFO  o.eclipse.m2e.core.internal.Bundles - 	Entry: C:\Users\Deepak\.p2\pool\plugins\javax.annotation_1.3.5.v20200909-1856.jar
2026-07-19 19:36:11,055 [Worker-9: Launching Executing clean in D__seat_booking_app_seat-booking-system] INFO  o.eclipse.m2e.core.internal.Bundles - getClasspathEntries(Bundle=org.apache.commons.cli_1.9.0 [49])
2026-07-19 19:36:11,056 [Worker-9: Launching Executing clean in D__seat_booking_app_seat-booking-system] INFO  o.eclipse.m2e.core.internal.Bundles - 	Entry: C:\Users\Deepak\.p2\pool\plugins\org.apache.commons.cli_1.9.0.jar
2026-07-19 19:36:11,056 [Worker-9: Launching Executing clean in D__seat_booking_app_seat-booking-system] INFO  o.eclipse.m2e.core.internal.Bundles - getClasspathEntries(Bundle=org.apache.commons.commons-codec_1.16.0 [50])
2026-07-19 19:36:11,057 [Worker-9: Launching Executing clean in D__seat_booking_app_seat-booking-system] INFO  o.eclipse.m2e.core.internal.Bundles - 	Entry: C:\Users\Deepak\.p2\pool\plugins\org.apache.commons.commons-codec_1.16.0.jar
2026-07-19 19:36:11,057 [Worker-9: Launching Executing clean in D__seat_booking_app_seat-booking-system] INFO  o.eclipse.m2e.core.internal.Bundles - getClasspathEntries(Bundle=com.google.guava.failureaccess_1.0.3 [14])
2026-07-19 19:36:11,058 [Worker-9: Launching Executing clean in D__seat_booking_app_seat-booking-system] INFO  o.eclipse.m2e.core.internal.Bundles - 	Entry: C:\Users\Deepak\.p2\pool\plugins\com.google.guava.failureaccess_1.0.3.jar
2026-07-19 19:36:11,060 [Worker-9: Launching Executing clean in D__seat_booking_app_seat-booking-system] INFO  o.e.m.i.launch.MavenLaunchDelegate - Run build in "D:\seat_booking_app\seat-booking-system":
2026-07-19 19:36:11,060 [Worker-9: Launching Executing clean in D__seat_booking_app_seat-booking-system] INFO  o.e.m.i.launch.MavenLaunchDelegate -  mvn  -B -Dstyle.color=always clean
2026-07-19 19:36:14,958 [Worker-2: Building] INFO  o.a.m.s.f.DefaultMavenResourcesFiltering - Copying 1 resource from src\main\resources to target\classes
2026-07-19 19:36:14,960 [Worker-2: Building] INFO  o.a.m.s.f.DefaultMavenResourcesFiltering - Copying 0 resource from src\main\resources to target\classes
2026-07-19 19:36:14,964 [Worker-2: Building] INFO  o.a.m.s.f.DefaultMavenResourcesFiltering - Copying 1 resource from src\test\resources to target\test-classes
2026-07-19 19:36:18,635 [Worker-23: Launching Executing install in D__seat_booking_app_seat-booking-system] INFO  o.eclipse.m2e.core.internal.Bundles - getClasspathEntries(Bundle=org.eclipse.m2e.maven.runtime_3.9.900.20250220-2013 [297])
2026-07-19 19:36:18,637 [Worker-23: Launching Executing install in D__seat_booking_app_seat-booking-system] INFO  o.eclipse.m2e.core.internal.Bundles - 	Entry: C:\Users\Deepak\.p2\pool\plugins\org.eclipse.m2e.maven.runtime_3.9.900.20250220-2013
2026-07-19 19:36:18,637 [Worker-23: Launching Executing install in D__seat_booking_app_seat-booking-system] INFO  o.eclipse.m2e.core.internal.Bundles - 	Entry: C:\Users\Deepak\.p2\pool\plugins\org.eclipse.m2e.maven.runtime_3.9.900.20250220-2013\jars\aopalliance-1.0.jar
2026-07-19 19:36:18,638 [Worker-23: Launching Executing install in D__seat_booking_app_seat-booking-system] INFO  o.eclipse.m2e.core.internal.Bundles - 	Entry: C:\Users\Deepak\.p2\pool\plugins\org.eclipse.m2e.maven.runtime_3.9.900.20250220-2013\jars\guice-5.1.0.jar
2026-07-19 19:36:18,638 [Worker-23: Launching Executing install in D__seat_booking_app_seat-booking-system] INFO  o.eclipse.m2e.core.internal.Bundles - 	Entry: C:\Users\Deepak\.p2\pool\plugins\org.eclipse.m2e.maven.runtime_3.9.900.20250220-2013\jars\httpclient-4.5.14.jar
2026-07-19 19:36:18,638 [Worker-23: Launching Executing install in D__seat_booking_app_seat-booking-system] INFO  o.eclipse.m2e.core.internal.Bundles - 	Entry: C:\Users\Deepak\.p2\pool\plugins\org.eclipse.m2e.maven.runtime_3.9.900.20250220-2013\jars\httpcore-4.4.16.jar
2026-07-19 19:36:18,639 [Worker-23: Launching Executing install in D__seat_booking_app_seat-booking-system] INFO  o.eclipse.m2e.core.internal.Bundles - 	Entry: C:\Users\Deepak\.p2\pool\plugins\org.eclipse.m2e.maven.runtime_3.9.900.20250220-2013\jars\jansi-2.4.1.jar
2026-07-19 19:36:18,639 [Worker-23: Launching Executing install in D__seat_booking_app_seat-booking-system] INFO  o.eclipse.m2e.core.internal.Bundles - 	Entry: C:\Users\Deepak\.p2\pool\plugins\org.eclipse.m2e.maven.runtime_3.9.900.20250220-2013\jars\jcl-over-slf4j-1.7.36.jar
2026-07-19 19:36:18,639 [Worker-23: Launching Executing install in D__seat_booking_app_seat-booking-system] INFO  o.eclipse.m2e.core.internal.Bundles - 	Entry: C:\Users\Deepak\.p2\pool\plugins\org.eclipse.m2e.maven.runtime_3.9.900.20250220-2013\jars\maven-artifact-3.9.9.jar
2026-07-19 19:36:18,640 [Worker-23: Launching Executing install in D__seat_booking_app_seat-booking-system] INFO  o.eclipse.m2e.core.internal.Bundles - 	Entry: C:\Users\Deepak\.p2\pool\plugins\org.eclipse.m2e.maven.runtime_3.9.900.20250220-2013\jars\maven-builder-support-3.9.9.jar
2026-07-19 19:36:18,640 [Worker-23: Launching Executing install in D__seat_booking_app_seat-booking-system] INFO  o.eclipse.m2e.core.internal.Bundles - 	Entry: C:\Users\Deepak\.p2\pool\plugins\org.eclipse.m2e.maven.runtime_3.9.900.20250220-2013\jars\maven-compat-3.9.9.jar
2026-07-19 19:36:18,640 [Worker-23: Launching Executing install in D__seat_booking_app_seat-booking-system] INFO  o.eclipse.m2e.core.internal.Bundles - 	Entry: C:\Users\Deepak\.p2\pool\plugins\org.eclipse.m2e.maven.runtime_3.9.900.20250220-2013\jars\maven-core-3.9.9.jar
2026-07-19 19:36:18,641 [Worker-23: Launching Executing install in D__seat_booking_app_seat-booking-system] INFO  o.eclipse.m2e.core.internal.Bundles - 	Entry: C:\Users\Deepak\.p2\pool\plugins\org.eclipse.m2e.maven.runtime_3.9.900.20250220-2013\jars\maven-embedder-3.9.9.jar
2026-07-19 19:36:18,641 [Worker-23: Launching Executing install in D__seat_booking_app_seat-booking-system] INFO  o.eclipse.m2e.core.internal.Bundles - 	Entry: C:\Users\Deepak\.p2\pool\plugins\org.eclipse.m2e.maven.runtime_3.9.900.20250220-2013\jars\maven-model-3.9.9.jar
2026-07-19 19:36:18,642 [Worker-23: Launching Executing install in D__seat_booking_app_seat-booking-system] INFO  o.eclipse.m2e.core.internal.Bundles - 	Entry: C:\Users\Deepak\.p2\pool\plugins\org.eclipse.m2e.maven.runtime_3.9.900.20250220-2013\jars\maven-model-builder-3.9.9.jar
2026-07-19 19:36:18,642 [Worker-23: Launching Executing install in D__seat_booking_app_seat-booking-system] INFO  o.eclipse.m2e.core.internal.Bundles - 	Entry: C:\Users\Deepak\.p2\pool\plugins\org.eclipse.m2e.maven.runtime_3.9.900.20250220-2013\jars\maven-plugin-api-3.9.9.jar
2026-07-19 19:36:18,642 [Worker-23: Launching Executing install in D__seat_booking_app_seat-booking-system] INFO  o.eclipse.m2e.core.internal.Bundles - 	Entry: C:\Users\Deepak\.p2\pool\plugins\org.eclipse.m2e.maven.runtime_3.9.900.20250220-2013\jars\maven-repository-metadata-3.9.9.jar
2026-07-19 19:36:18,643 [Worker-23: Launching Executing install in D__seat_booking_app_seat-booking-system] INFO  o.eclipse.m2e.core.internal.Bundles - 	Entry: C:\Users\Deepak\.p2\pool\plugins\org.eclipse.m2e.maven.runtime_3.9.900.20250220-2013\jars\maven-resolver-api-1.9.22.jar
2026-07-19 19:36:18,643 [Worker-23: Launching Executing install in D__seat_booking_app_seat-booking-system] INFO  o.eclipse.m2e.core.internal.Bundles - 	Entry: C:\Users\Deepak\.p2\pool\plugins\org.eclipse.m2e.maven.runtime_3.9.900.20250220-2013\jars\maven-resolver-connector-basic-1.9.22.jar
2026-07-19 19:36:18,644 [Worker-23: Launching Executing install in D__seat_booking_app_seat-booking-system] INFO  o.eclipse.m2e.core.internal.Bundles - 	Entry: C:\Users\Deepak\.p2\pool\plugins\org.eclipse.m2e.maven.runtime_3.9.900.20250220-2013\jars\maven-resolver-impl-1.9.22.jar
2026-07-19 19:36:18,644 [Worker-23: Launching Executing install in D__seat_booking_app_seat-booking-system] INFO  o.eclipse.m2e.core.internal.Bundles - 	Entry: C:\Users\Deepak\.p2\pool\plugins\org.eclipse.m2e.maven.runtime_3.9.900.20250220-2013\jars\maven-resolver-named-locks-1.9.22.jar
2026-07-19 19:36:18,644 [Worker-23: Launching Executing install in D__seat_booking_app_seat-booking-system] INFO  o.eclipse.m2e.core.internal.Bundles - 	Entry: C:\Users\Deepak\.p2\pool\plugins\org.eclipse.m2e.maven.runtime_3.9.900.20250220-2013\jars\maven-resolver-provider-3.9.9.jar
2026-07-19 19:36:18,645 [Worker-23: Launching Executing install in D__seat_booking_app_seat-booking-system] INFO  o.eclipse.m2e.core.internal.Bundles - 	Entry: C:\Users\Deepak\.p2\pool\plugins\org.eclipse.m2e.maven.runtime_3.9.900.20250220-2013\jars\maven-resolver-spi-1.9.22.jar
2026-07-19 19:36:18,645 [Worker-23: Launching Executing install in D__seat_booking_app_seat-booking-system] INFO  o.eclipse.m2e.core.internal.Bundles - 	Entry: C:\Users\Deepak\.p2\pool\plugins\org.eclipse.m2e.maven.runtime_3.9.900.20250220-2013\jars\maven-resolver-transport-file-1.9.22.jar
2026-07-19 19:36:18,646 [Worker-23: Launching Executing install in D__seat_booking_app_seat-booking-system] INFO  o.eclipse.m2e.core.internal.Bundles - 	Entry: C:\Users\Deepak\.p2\pool\plugins\org.eclipse.m2e.maven.runtime_3.9.900.20250220-2013\jars\maven-resolver-transport-http-1.9.22.jar
2026-07-19 19:36:18,646 [Worker-23: Launching Executing install in D__seat_booking_app_seat-booking-system] INFO  o.eclipse.m2e.core.internal.Bundles - 	Entry: C:\Users\Deepak\.p2\pool\plugins\org.eclipse.m2e.maven.runtime_3.9.900.20250220-2013\jars\maven-resolver-transport-wagon-1.9.22.jar
2026-07-19 19:36:18,647 [Worker-23: Launching Executing install in D__seat_booking_app_seat-booking-system] INFO  o.eclipse.m2e.core.internal.Bundles - 	Entry: C:\Users\Deepak\.p2\pool\plugins\org.eclipse.m2e.maven.runtime_3.9.900.20250220-2013\jars\maven-resolver-util-1.9.22.jar
2026-07-19 19:36:18,647 [Worker-23: Launching Executing install in D__seat_booking_app_seat-booking-system] INFO  o.eclipse.m2e.core.internal.Bundles - 	Entry: C:\Users\Deepak\.p2\pool\plugins\org.eclipse.m2e.maven.runtime_3.9.900.20250220-2013\jars\maven-settings-3.9.9.jar
2026-07-19 19:36:18,647 [Worker-23: Launching Executing install in D__seat_booking_app_seat-booking-system] INFO  o.eclipse.m2e.core.internal.Bundles - 	Entry: C:\Users\Deepak\.p2\pool\plugins\org.eclipse.m2e.maven.runtime_3.9.900.20250220-2013\jars\maven-settings-builder-3.9.9.jar
2026-07-19 19:36:18,648 [Worker-23: Launching Executing install in D__seat_booking_app_seat-booking-system] INFO  o.eclipse.m2e.core.internal.Bundles - 	Entry: C:\Users\Deepak\.p2\pool\plugins\org.eclipse.m2e.maven.runtime_3.9.900.20250220-2013\jars\maven-shared-utils-3.4.2.jar
2026-07-19 19:36:18,648 [Worker-23: Launching Executing install in D__seat_booking_app_seat-booking-system] INFO  o.eclipse.m2e.core.internal.Bundles - 	Entry: C:\Users\Deepak\.p2\pool\plugins\org.eclipse.m2e.maven.runtime_3.9.900.20250220-2013\jars\org.eclipse.sisu.inject-0.9.0.M3.jar
2026-07-19 19:36:18,649 [Worker-23: Launching Executing install in D__seat_booking_app_seat-booking-system] INFO  o.eclipse.m2e.core.internal.Bundles - 	Entry: C:\Users\Deepak\.p2\pool\plugins\org.eclipse.m2e.maven.runtime_3.9.900.20250220-2013\jars\org.eclipse.sisu.plexus-0.9.0.M3.jar
2026-07-19 19:36:18,649 [Worker-23: Launching Executing install in D__seat_booking_app_seat-booking-system] INFO  o.eclipse.m2e.core.internal.Bundles - 	Entry: C:\Users\Deepak\.p2\pool\plugins\org.eclipse.m2e.maven.runtime_3.9.900.20250220-2013\jars\plexus-build-api-0.0.7.jar
2026-07-19 19:36:18,649 [Worker-23: Launching Executing install in D__seat_booking_app_seat-booking-system] INFO  o.eclipse.m2e.core.internal.Bundles - 	Entry: C:\Users\Deepak\.p2\pool\plugins\org.eclipse.m2e.maven.runtime_3.9.900.20250220-2013\jars\plexus-build-api-1.2.0.jar
2026-07-19 19:36:18,650 [Worker-23: Launching Executing install in D__seat_booking_app_seat-booking-system] INFO  o.eclipse.m2e.core.internal.Bundles - 	Entry: C:\Users\Deepak\.p2\pool\plugins\org.eclipse.m2e.maven.runtime_3.9.900.20250220-2013\jars\plexus-cipher-2.0.jar
2026-07-19 19:36:18,650 [Worker-23: Launching Executing install in D__seat_booking_app_seat-booking-system] INFO  o.eclipse.m2e.core.internal.Bundles - 	Entry: C:\Users\Deepak\.p2\pool\plugins\org.eclipse.m2e.maven.runtime_3.9.900.20250220-2013\jars\plexus-classworlds-2.8.0.jar
2026-07-19 19:36:18,650 [Worker-23: Launching Executing install in D__seat_booking_app_seat-booking-system] INFO  o.eclipse.m2e.core.internal.Bundles - 	Entry: C:\Users\Deepak\.p2\pool\plugins\org.eclipse.m2e.maven.runtime_3.9.900.20250220-2013\jars\plexus-component-annotations-2.1.0.jar
2026-07-19 19:36:18,651 [Worker-23: Launching Executing install in D__seat_booking_app_seat-booking-system] INFO  o.eclipse.m2e.core.internal.Bundles - 	Entry: C:\Users\Deepak\.p2\pool\plugins\org.eclipse.m2e.maven.runtime_3.9.900.20250220-2013\jars\plexus-interpolation-1.27.jar
2026-07-19 19:36:18,651 [Worker-23: Launching Executing install in D__seat_booking_app_seat-booking-system] INFO  o.eclipse.m2e.core.internal.Bundles - 	Entry: C:\Users\Deepak\.p2\pool\plugins\org.eclipse.m2e.maven.runtime_3.9.900.20250220-2013\jars\plexus-sec-dispatcher-2.0.jar
2026-07-19 19:36:18,652 [Worker-23: Launching Executing install in D__seat_booking_app_seat-booking-system] INFO  o.eclipse.m2e.core.internal.Bundles - 	Entry: C:\Users\Deepak\.p2\pool\plugins\org.eclipse.m2e.maven.runtime_3.9.900.20250220-2013\jars\plexus-utils-3.5.1.jar
2026-07-19 19:36:18,652 [Worker-23: Launching Executing install in D__seat_booking_app_seat-booking-system] INFO  o.eclipse.m2e.core.internal.Bundles - 	Entry: C:\Users\Deepak\.p2\pool\plugins\org.eclipse.m2e.maven.runtime_3.9.900.20250220-2013\jars\plexus-xml-3.0.1.jar
2026-07-19 19:36:18,652 [Worker-23: Launching Executing install in D__seat_booking_app_seat-booking-system] INFO  o.eclipse.m2e.core.internal.Bundles - 	Entry: C:\Users\Deepak\.p2\pool\plugins\org.eclipse.m2e.maven.runtime_3.9.900.20250220-2013\jars\wagon-file-3.5.3.jar
2026-07-19 19:36:18,653 [Worker-23: Launching Executing install in D__seat_booking_app_seat-booking-system] INFO  o.eclipse.m2e.core.internal.Bundles - 	Entry: C:\Users\Deepak\.p2\pool\plugins\org.eclipse.m2e.maven.runtime_3.9.900.20250220-2013\jars\wagon-http-3.5.3.jar
2026-07-19 19:36:18,653 [Worker-23: Launching Executing install in D__seat_booking_app_seat-booking-system] INFO  o.eclipse.m2e.core.internal.Bundles - 	Entry: C:\Users\Deepak\.p2\pool\plugins\org.eclipse.m2e.maven.runtime_3.9.900.20250220-2013\jars\wagon-http-shared-3.5.3.jar
2026-07-19 19:36:18,654 [Worker-23: Launching Executing install in D__seat_booking_app_seat-booking-system] INFO  o.eclipse.m2e.core.internal.Bundles - 	Entry: C:\Users\Deepak\.p2\pool\plugins\org.eclipse.m2e.maven.runtime_3.9.900.20250220-2013\jars\wagon-provider-api-3.5.3.jar
2026-07-19 19:36:18,654 [Worker-23: Launching Executing install in D__seat_booking_app_seat-booking-system] INFO  o.eclipse.m2e.core.internal.Bundles - getClasspathEntries(Bundle=com.google.guava_33.4.8.jre [13])
2026-07-19 19:36:18,655 [Worker-23: Launching Executing install in D__seat_booking_app_seat-booking-system] INFO  o.eclipse.m2e.core.internal.Bundles - 	Entry: C:\Users\Deepak\.p2\pool\plugins\com.google.guava_33.4.8.jre.jar
2026-07-19 19:36:18,656 [Worker-23: Launching Executing install in D__seat_booking_app_seat-booking-system] INFO  o.eclipse.m2e.core.internal.Bundles - getClasspathEntries(Bundle=slf4j.api_2.0.17 [520])
2026-07-19 19:36:18,657 [Worker-23: Launching Executing install in D__seat_booking_app_seat-booking-system] INFO  o.eclipse.m2e.core.internal.Bundles - 	Entry: C:\Users\Deepak\.p2\pool\plugins\slf4j.api_2.0.17.jar
2026-07-19 19:36:18,657 [Worker-23: Launching Executing install in D__seat_booking_app_seat-booking-system] INFO  o.eclipse.m2e.core.internal.Bundles - getClasspathEntries(Bundle=jakarta.inject.jakarta.inject-api_1.0.5 [24])
2026-07-19 19:36:18,658 [Worker-23: Launching Executing install in D__seat_booking_app_seat-booking-system] INFO  o.eclipse.m2e.core.internal.Bundles - 	Entry: C:\Users\Deepak\.p2\pool\plugins\jakarta.inject.jakarta.inject-api_1.0.5.jar
2026-07-19 19:36:18,658 [Worker-23: Launching Executing install in D__seat_booking_app_seat-booking-system] INFO  o.eclipse.m2e.core.internal.Bundles - getClasspathEntries(Bundle=javax.annotation_1.3.5.v20200909-1856 [27])
2026-07-19 19:36:18,659 [Worker-23: Launching Executing install in D__seat_booking_app_seat-booking-system] INFO  o.eclipse.m2e.core.internal.Bundles - 	Entry: C:\Users\Deepak\.p2\pool\plugins\javax.annotation_1.3.5.v20200909-1856.jar
2026-07-19 19:36:18,659 [Worker-23: Launching Executing install in D__seat_booking_app_seat-booking-system] INFO  o.eclipse.m2e.core.internal.Bundles - getClasspathEntries(Bundle=org.apache.commons.cli_1.9.0 [49])
2026-07-19 19:36:18,660 [Worker-23: Launching Executing install in D__seat_booking_app_seat-booking-system] INFO  o.eclipse.m2e.core.internal.Bundles - 	Entry: C:\Users\Deepak\.p2\pool\plugins\org.apache.commons.cli_1.9.0.jar
2026-07-19 19:36:18,660 [Worker-23: Launching Executing install in D__seat_booking_app_seat-booking-system] INFO  o.eclipse.m2e.core.internal.Bundles - getClasspathEntries(Bundle=org.apache.commons.commons-codec_1.16.0 [50])
2026-07-19 19:36:18,661 [Worker-23: Launching Executing install in D__seat_booking_app_seat-booking-system] INFO  o.eclipse.m2e.core.internal.Bundles - 	Entry: C:\Users\Deepak\.p2\pool\plugins\org.apache.commons.commons-codec_1.16.0.jar
2026-07-19 19:36:18,661 [Worker-23: Launching Executing install in D__seat_booking_app_seat-booking-system] INFO  o.eclipse.m2e.core.internal.Bundles - getClasspathEntries(Bundle=com.google.guava.failureaccess_1.0.3 [14])
2026-07-19 19:36:18,662 [Worker-23: Launching Executing install in D__seat_booking_app_seat-booking-system] INFO  o.eclipse.m2e.core.internal.Bundles - 	Entry: C:\Users\Deepak\.p2\pool\plugins\com.google.guava.failureaccess_1.0.3.jar
2026-07-19 19:36:18,664 [Worker-23: Launching Executing install in D__seat_booking_app_seat-booking-system] INFO  o.e.m.i.launch.MavenLaunchDelegate - Run build in "D:\seat_booking_app\seat-booking-system":
2026-07-19 19:36:18,664 [Worker-23: Launching Executing install in D__seat_booking_app_seat-booking-system] INFO  o.e.m.i.launch.MavenLaunchDelegate -  mvn  -B -Dstyle.color=always install
2026-07-19 23:40:43,872 [Worker-1: Loading available Gradle versions] INFO  o.e.b.c.i.u.g.PublishedGradleVersions - Gradle version information cache is up-to-date. Trying to read.
2026-07-20 00:22:55,689 [Worker-6: Building] INFO  o.a.m.s.f.DefaultMavenResourcesFiltering - Copying 2 resources from src\main\resources to target\classes
2026-07-20 00:22:55,889 [Worker-6: Building] INFO  o.a.m.s.f.DefaultMavenResourcesFiltering - Copying 0 resource from src\main\resources to target\classes
2026-07-20 00:22:55,894 [Worker-6: Building] INFO  o.a.m.s.f.DefaultMavenResourcesFiltering - Copying 1 resource from src\test\resources to target\test-classes
2026-07-20 00:23:00,435 [Worker-4: Building] INFO  o.a.m.s.f.DefaultMavenResourcesFiltering - Copying 1 resource from src\main\resources to target\classes
2026-07-20 00:23:00,443 [Worker-4: Building] INFO  o.a.m.s.f.DefaultMavenResourcesFiltering - Copying 0 resource from src\main\resources to target\classes
2026-07-20 00:23:00,446 [Worker-4: Building] INFO  o.a.m.s.f.DefaultMavenResourcesFiltering - Copying 0 resource from src\test\resources to target\test-classes
2026-07-25 16:31:18,807 [Worker-55: Building] INFO  o.a.m.s.f.DefaultMavenResourcesFiltering - Copying 2 resources from src\main\resources to target\classes
2026-07-25 16:31:19,076 [Worker-55: Building] INFO  o.a.m.s.f.DefaultMavenResourcesFiltering - Copying 0 resource from src\main\resources to target\classes
2026-07-25 16:31:19,084 [Worker-55: Building] INFO  o.a.m.s.f.DefaultMavenResourcesFiltering - Copying 0 resource from src\test\resources to target\test-classes
2026-07-25 17:25:07,284 [Worker-63: Building] INFO  o.a.m.s.f.DefaultMavenResourcesFiltering - Copying 2 resources from src\main\resources to target\classes
2026-07-25 17:25:08,458 [Worker-63: Building] INFO  o.a.m.s.f.DefaultMavenResourcesFiltering - Copying 0 resource from src\main\resources to target\classes
2026-07-25 17:25:08,464 [Worker-63: Building] INFO  o.a.m.s.f.DefaultMavenResourcesFiltering - Copying 0 resource from src\test\resources to target\test-classes
2026-07-25 17:25:18,377 [Worker-60: Building] INFO  o.a.m.s.f.DefaultMavenResourcesFiltering - Copying 2 resources from src\main\resources to target\classes
2026-07-25 17:25:18,544 [Worker-60: Building] INFO  o.a.m.s.f.DefaultMavenResourcesFiltering - Copying 0 resource from src\main\resources to target\classes
2026-07-25 17:25:18,551 [Worker-60: Building] INFO  o.a.m.s.f.DefaultMavenResourcesFiltering - Copying 0 resource from src\test\resources to target\test-classes
2026-07-25 17:25:47,738 [Worker-62: Building] INFO  o.a.m.s.f.DefaultMavenResourcesFiltering - Copying 2 resources from src\main\resources to target\classes
2026-07-25 17:25:47,763 [Worker-62: Building] INFO  o.a.m.s.f.DefaultMavenResourcesFiltering - Copying 0 resource from src\main\resources to target\classes
2026-07-25 17:25:47,766 [Worker-62: Building] INFO  o.a.m.s.f.DefaultMavenResourcesFiltering - Copying 1 resource from src\test\resources to target\test-classes
2026-07-25 17:26:37,665 [Worker-65: Building] INFO  o.a.m.s.f.DefaultMavenResourcesFiltering - Copying 2 resources from src\main\resources to target\classes
2026-07-25 17:26:37,679 [Worker-65: Building] INFO  o.a.m.s.f.DefaultMavenResourcesFiltering - Copying 0 resource from src\main\resources to target\classes
2026-07-25 17:26:37,685 [Worker-65: Building] INFO  o.a.m.s.f.DefaultMavenResourcesFiltering - Copying 0 resource from src\test\resources to target\test-classes
2026-07-25 17:26:43,615 [Worker-60: Building] INFO  o.a.m.s.f.DefaultMavenResourcesFiltering - Copying 2 resources from src\main\resources to target\classes
2026-07-25 17:26:43,633 [Worker-60: Building] INFO  o.a.m.s.f.DefaultMavenResourcesFiltering - Copying 0 resource from src\main\resources to target\classes
2026-07-25 17:26:43,636 [Worker-60: Building] INFO  o.a.m.s.f.DefaultMavenResourcesFiltering - Copying 0 resource from src\test\resources to target\test-classes
2026-07-25 17:27:16,418 [Worker-63: Building] INFO  o.a.m.s.f.DefaultMavenResourcesFiltering - Copying 2 resources from src\main\resources to target\classes
2026-07-25 17:27:16,432 [Worker-63: Building] INFO  o.a.m.s.f.DefaultMavenResourcesFiltering - Copying 0 resource from src\main\resources to target\classes
2026-07-25 17:27:16,437 [Worker-63: Building] INFO  o.a.m.s.f.DefaultMavenResourcesFiltering - Copying 0 resource from src\test\resources to target\test-classes
2026-07-25 17:27:21,762 [Worker-65: Building] INFO  o.a.m.s.f.DefaultMavenResourcesFiltering - Copying 2 resources from src\main\resources to target\classes
2026-07-25 17:27:21,774 [Worker-65: Building] INFO  o.a.m.s.f.DefaultMavenResourcesFiltering - Copying 0 resource from src\main\resources to target\classes
2026-07-25 17:27:21,777 [Worker-65: Building] INFO  o.a.m.s.f.DefaultMavenResourcesFiltering - Copying 0 resource from src\test\resources to target\test-classes
2026-07-25 17:27:44,417 [Worker-63: Building] INFO  o.a.m.s.f.DefaultMavenResourcesFiltering - Copying 2 resources from src\main\resources to target\classes
2026-07-25 17:27:44,430 [Worker-63: Building] INFO  o.a.m.s.f.DefaultMavenResourcesFiltering - Copying 0 resource from src\main\resources to target\classes
2026-07-25 17:27:44,435 [Worker-63: Building] INFO  o.a.m.s.f.DefaultMavenResourcesFiltering - Copying 0 resource from src\test\resources to target\test-classes
2026-07-25 18:03:21,391 [Worker-70: Building] INFO  o.a.m.s.f.DefaultMavenResourcesFiltering - Copying 2 resources from src\main\resources to target\classes
2026-07-25 18:03:21,448 [Worker-70: Building] INFO  o.a.m.s.f.DefaultMavenResourcesFiltering - Copying 0 resource from src\main\resources to target\classes
2026-07-25 18:03:21,454 [Worker-70: Building] INFO  o.a.m.s.f.DefaultMavenResourcesFiltering - Copying 0 resource from src\test\resources to target\test-classes
2026-07-25 23:51:46,398 [Worker-92: Building] INFO  o.a.m.s.f.DefaultMavenResourcesFiltering - Copying 2 resources from src\main\resources to target\classes
2026-07-25 23:51:47,193 [Worker-92: Building] INFO  o.a.m.s.f.DefaultMavenResourcesFiltering - Copying 0 resource from src\main\resources to target\classes
2026-07-25 23:51:47,208 [Worker-92: Building] INFO  o.a.m.s.f.DefaultMavenResourcesFiltering - Copying 0 resource from src\test\resources to target\test-classes
2026-07-27 23:06:10,667 [Worker-2: Loading available Gradle versions] INFO  o.e.b.c.i.u.g.PublishedGradleVersions - Gradle version information cache is out-of-date. Trying to update.
2026-07-27 23:06:58,839 [Worker-1: Launching SeatBookingApplication] INFO  o.a.m.s.f.DefaultMavenResourcesFiltering - Copying 2 resources from src\main\resources to target\classes
2026-07-27 23:06:58,986 [Worker-1: Launching SeatBookingApplication] INFO  o.a.m.s.f.DefaultMavenResourcesFiltering - Copying 0 resource from src\main\resources to target\classes
2026-07-27 23:06:58,991 [Worker-1: Launching SeatBookingApplication] INFO  o.a.m.s.f.DefaultMavenResourcesFiltering - Copying 1 resource from src\test\resources to target\test-classes
2026-07-27 23:31:24,578 [Worker-18: Building] INFO  o.e.m.c.i.l.LifecycleMappingFactory - Using org.eclipse.m2e.jdt.JarLifecycleMapping lifecycle mapping for MavenProject: com.booking:seat-booking-system:0.1.0 @ D:\seat_booking_app\seat-booking-system\pom.xml.
2026-07-27 23:31:25,537 [Worker-18: Building] INFO  o.e.m.c.i.e.AbstractTransferListenerAdapter - Downloading https://repo.maven.apache.org/maven2/io/jsonwebtoken/jjwt-api/0.12.6/jjwt-api-0.12.6.pom
2026-07-27 23:31:25,562 [Worker-18: Building] INFO  o.e.m.c.i.e.AbstractTransferListenerAdapter - Downloaded https://repo.maven.apache.org/maven2/io/jsonwebtoken/jjwt-api/0.12.6/jjwt-api-0.12.6.pom
2026-07-27 23:31:25,626 [Worker-18: Building] INFO  o.e.m.c.i.e.AbstractTransferListenerAdapter - Downloading https://repo.maven.apache.org/maven2/io/jsonwebtoken/jjwt-root/0.12.6/jjwt-root-0.12.6.pom
2026-07-27 23:31:25,651 [Worker-18: Building] INFO  o.e.m.c.i.e.AbstractTransferListenerAdapter - Downloaded https://repo.maven.apache.org/maven2/io/jsonwebtoken/jjwt-root/0.12.6/jjwt-root-0.12.6.pom
2026-07-27 23:31:25,729 [Worker-18: Building] INFO  o.e.m.c.i.e.AbstractTransferListenerAdapter - Downloading https://repo.maven.apache.org/maven2/io/jsonwebtoken/jjwt-impl/0.12.6/jjwt-impl-0.12.6.pom
2026-07-27 23:31:25,735 [Worker-18: Building] INFO  o.e.m.c.i.e.AbstractTransferListenerAdapter - Downloaded https://repo.maven.apache.org/maven2/io/jsonwebtoken/jjwt-impl/0.12.6/jjwt-impl-0.12.6.pom
2026-07-27 23:31:25,779 [Worker-18: Building] INFO  o.e.m.c.i.e.AbstractTransferListenerAdapter - Downloading https://repo.maven.apache.org/maven2/io/jsonwebtoken/jjwt-jackson/0.12.6/jjwt-jackson-0.12.6.pom
2026-07-27 23:31:25,786 [Worker-18: Building] INFO  o.e.m.c.i.e.AbstractTransferListenerAdapter - Downloaded https://repo.maven.apache.org/maven2/io/jsonwebtoken/jjwt-jackson/0.12.6/jjwt-jackson-0.12.6.pom
2026-07-27 23:31:26,404 [Worker-18: Building] INFO  o.e.m.c.i.e.AbstractTransferListenerAdapter - Downloading https://repo.maven.apache.org/maven2/io/jsonwebtoken/jjwt-api/0.12.6/jjwt-api-0.12.6.jar
2026-07-27 23:31:26,447 [Worker-18: Building] INFO  o.e.m.c.i.e.AbstractTransferListenerAdapter - Downloaded https://repo.maven.apache.org/maven2/io/jsonwebtoken/jjwt-api/0.12.6/jjwt-api-0.12.6.jar
2026-07-27 23:31:26,468 [BasicRepositoryConnector-repo.maven.apache.org-0-1] INFO  o.e.m.c.i.e.AbstractTransferListenerAdapter - Downloading https://repo.maven.apache.org/maven2/io/jsonwebtoken/jjwt-jackson/0.12.6/jjwt-jackson-0.12.6.jar
2026-07-27 23:31:26,477 [BasicRepositoryConnector-repo.maven.apache.org-0-1] INFO  o.e.m.c.i.e.AbstractTransferListenerAdapter - Downloaded https://repo.maven.apache.org/maven2/io/jsonwebtoken/jjwt-jackson/0.12.6/jjwt-jackson-0.12.6.jar
2026-07-27 23:31:26,505 [BasicRepositoryConnector-repo.maven.apache.org-0-0] INFO  o.e.m.c.i.e.AbstractTransferListenerAdapter - Downloading https://repo.maven.apache.org/maven2/io/jsonwebtoken/jjwt-impl/0.12.6/jjwt-impl-0.12.6.jar
2026-07-27 23:31:26,577 [BasicRepositoryConnector-repo.maven.apache.org-0-0] INFO  o.e.m.c.i.e.AbstractTransferListenerAdapter - Downloaded https://repo.maven.apache.org/maven2/io/jsonwebtoken/jjwt-impl/0.12.6/jjwt-impl-0.12.6.jar
2026-07-27 23:31:27,482 [Worker-18: Building] INFO  o.a.m.s.f.DefaultMavenResourcesFiltering - Copying 0 resource from src\main\resources to target\classes
2026-07-27 23:31:27,482 [Worker-18: Building] INFO  o.a.m.s.f.DefaultMavenResourcesFiltering - Copying 0 resource from src\main\resources to target\classes
2026-07-27 23:31:27,488 [Worker-18: Building] INFO  o.a.m.s.f.DefaultMavenResourcesFiltering - Copying 0 resource from src\test\resources to target\test-classes
2026-07-27 23:31:28,152 [Worker-13: Download sources and javadoc] INFO  o.e.m.c.i.e.AbstractTransferListenerAdapter - Downloading https://repo.maven.apache.org/maven2/io/jsonwebtoken/jjwt-api/0.12.6/jjwt-api-0.12.6-sources.jar
2026-07-27 23:31:28,202 [Worker-13: Download sources and javadoc] INFO  o.e.m.c.i.e.AbstractTransferListenerAdapter - Downloaded https://repo.maven.apache.org/maven2/io/jsonwebtoken/jjwt-api/0.12.6/jjwt-api-0.12.6-sources.jar
2026-07-27 23:31:28,220 [Worker-13: Download sources and javadoc] INFO  o.e.m.j.internal.DownloadSourcesJob - Downloaded sources for io.jsonwebtoken:jjwt-api:0.12.6
2026-07-27 23:31:28,290 [Worker-13: Download sources and javadoc] INFO  o.e.m.c.i.e.AbstractTransferListenerAdapter - Downloading https://repo.maven.apache.org/maven2/io/jsonwebtoken/jjwt-impl/0.12.6/jjwt-impl-0.12.6-sources.jar
2026-07-27 23:31:28,356 [Worker-13: Download sources and javadoc] INFO  o.e.m.c.i.e.AbstractTransferListenerAdapter - Downloaded https://repo.maven.apache.org/maven2/io/jsonwebtoken/jjwt-impl/0.12.6/jjwt-impl-0.12.6-sources.jar
2026-07-27 23:31:28,381 [Worker-13: Download sources and javadoc] INFO  o.e.m.j.internal.DownloadSourcesJob - Downloaded sources for io.jsonwebtoken:jjwt-impl:0.12.6
2026-07-27 23:31:28,544 [Worker-13: Download sources and javadoc] INFO  o.e.m.c.i.e.AbstractTransferListenerAdapter - Downloading https://repo.maven.apache.org/maven2/io/jsonwebtoken/jjwt-jackson/0.12.6/jjwt-jackson-0.12.6-sources.jar
2026-07-27 23:31:28,557 [Worker-13: Download sources and javadoc] INFO  o.e.m.c.i.e.AbstractTransferListenerAdapter - Downloaded https://repo.maven.apache.org/maven2/io/jsonwebtoken/jjwt-jackson/0.12.6/jjwt-jackson-0.12.6-sources.jar
2026-07-27 23:31:28,564 [Worker-13: Download sources and javadoc] INFO  o.e.m.j.internal.DownloadSourcesJob - Downloaded sources for io.jsonwebtoken:jjwt-jackson:0.12.6
2026-07-27 23:31:30,694 [Worker-5: Building] INFO  o.a.m.s.f.DefaultMavenResourcesFiltering - Copying 2 resources from src\main\resources to target\classes
2026-07-27 23:31:30,776 [Worker-5: Building] INFO  o.a.m.s.f.DefaultMavenResourcesFiltering - Copying 0 resource from src\main\resources to target\classes
2026-07-27 23:31:30,781 [Worker-5: Building] INFO  o.a.m.s.f.DefaultMavenResourcesFiltering - Copying 1 resource from src\test\resources to target\test-classes
2026-07-27 23:31:47,555 [Worker-18: Building] INFO  o.a.m.s.f.DefaultMavenResourcesFiltering - Copying 2 resources from src\main\resources to target\classes
2026-07-27 23:31:47,660 [Worker-18: Building] INFO  o.a.m.s.f.DefaultMavenResourcesFiltering - Copying 0 resource from src\main\resources to target\classes
2026-07-27 23:31:47,665 [Worker-18: Building] INFO  o.a.m.s.f.DefaultMavenResourcesFiltering - Copying 0 resource from src\test\resources to target\test-classes
2026-07-27 23:31:51,353 [Worker-9: Building] INFO  o.a.m.s.f.DefaultMavenResourcesFiltering - Copying 2 resources from src\main\resources to target\classes
2026-07-27 23:31:51,366 [Worker-9: Building] INFO  o.a.m.s.f.DefaultMavenResourcesFiltering - Copying 0 resource from src\main\resources to target\classes
2026-07-27 23:31:51,370 [Worker-9: Building] INFO  o.a.m.s.f.DefaultMavenResourcesFiltering - Copying 0 resource from src\test\resources to target\test-classes
2026-07-27 23:32:25,835 [Worker-18: Building] INFO  o.a.m.s.f.DefaultMavenResourcesFiltering - Copying 2 resources from src\main\resources to target\classes
2026-07-27 23:32:25,854 [Worker-18: Building] INFO  o.a.m.s.f.DefaultMavenResourcesFiltering - Copying 0 resource from src\main\resources to target\classes
2026-07-27 23:32:25,862 [Worker-18: Building] INFO  o.a.m.s.f.DefaultMavenResourcesFiltering - Copying 0 resource from src\test\resources to target\test-classes
2026-07-27 23:32:31,511 [Worker-5: Building] INFO  o.a.m.s.f.DefaultMavenResourcesFiltering - Copying 2 resources from src\main\resources to target\classes
2026-07-27 23:32:31,521 [Worker-5: Building] INFO  o.a.m.s.f.DefaultMavenResourcesFiltering - Copying 0 resource from src\main\resources to target\classes
2026-07-27 23:32:31,527 [Worker-5: Building] INFO  o.a.m.s.f.DefaultMavenResourcesFiltering - Copying 0 resource from src\test\resources to target\test-classes
2026-07-27 23:32:57,031 [Worker-12: Building] INFO  o.a.m.s.f.DefaultMavenResourcesFiltering - Copying 2 resources from src\main\resources to target\classes
2026-07-27 23:32:57,047 [Worker-12: Building] INFO  o.a.m.s.f.DefaultMavenResourcesFiltering - Copying 0 resource from src\main\resources to target\classes
2026-07-27 23:32:57,051 [Worker-12: Building] INFO  o.a.m.s.f.DefaultMavenResourcesFiltering - Copying 0 resource from src\test\resources to target\test-classes
2026-07-27 23:33:01,888 [Worker-11: Building] INFO  o.a.m.s.f.DefaultMavenResourcesFiltering - Copying 2 resources from src\main\resources to target\classes
2026-07-27 23:33:01,897 [Worker-11: Building] INFO  o.a.m.s.f.DefaultMavenResourcesFiltering - Copying 0 resource from src\main\resources to target\classes
2026-07-27 23:33:01,901 [Worker-11: Building] INFO  o.a.m.s.f.DefaultMavenResourcesFiltering - Copying 0 resource from src\test\resources to target\test-classes
2026-07-27 23:33:17,344 [Worker-15: Building] INFO  o.a.m.s.f.DefaultMavenResourcesFiltering - Copying 2 resources from src\main\resources to target\classes
2026-07-27 23:33:17,366 [Worker-15: Building] INFO  o.a.m.s.f.DefaultMavenResourcesFiltering - Copying 0 resource from src\main\resources to target\classes
2026-07-27 23:33:17,371 [Worker-15: Building] INFO  o.a.m.s.f.DefaultMavenResourcesFiltering - Copying 0 resource from src\test\resources to target\test-classes
2026-07-27 23:33:25,082 [Worker-3: Building] INFO  o.a.m.s.f.DefaultMavenResourcesFiltering - Copying 2 resources from src\main\resources to target\classes
2026-07-27 23:33:25,096 [Worker-3: Building] INFO  o.a.m.s.f.DefaultMavenResourcesFiltering - Copying 0 resource from src\main\resources to target\classes
2026-07-27 23:33:25,100 [Worker-3: Building] INFO  o.a.m.s.f.DefaultMavenResourcesFiltering - Copying 0 resource from src\test\resources to target\test-classes
2026-07-27 23:33:58,649 [Worker-7: Building] INFO  o.a.m.s.f.DefaultMavenResourcesFiltering - Copying 2 resources from src\main\resources to target\classes
2026-07-27 23:33:58,669 [Worker-7: Building] INFO  o.a.m.s.f.DefaultMavenResourcesFiltering - Copying 0 resource from src\main\resources to target\classes
2026-07-27 23:33:58,676 [Worker-7: Building] INFO  o.a.m.s.f.DefaultMavenResourcesFiltering - Copying 0 resource from src\test\resources to target\test-classes
2026-07-27 23:34:17,291 [Worker-12: Building] INFO  o.a.m.s.f.DefaultMavenResourcesFiltering - Copying 2 resources from src\main\resources to target\classes
2026-07-27 23:34:17,309 [Worker-12: Building] INFO  o.a.m.s.f.DefaultMavenResourcesFiltering - Copying 0 resource from src\main\resources to target\classes
2026-07-27 23:34:17,313 [Worker-12: Building] INFO  o.a.m.s.f.DefaultMavenResourcesFiltering - Copying 0 resource from src\test\resources to target\test-classes
2026-07-27 23:34:25,154 [Worker-12: Building] INFO  o.a.m.s.f.DefaultMavenResourcesFiltering - Copying 2 resources from src\main\resources to target\classes
2026-07-27 23:34:25,171 [Worker-12: Building] INFO  o.a.m.s.f.DefaultMavenResourcesFiltering - Copying 0 resource from src\main\resources to target\classes
2026-07-27 23:34:25,177 [Worker-12: Building] INFO  o.a.m.s.f.DefaultMavenResourcesFiltering - Copying 0 resource from src\test\resources to target\test-classes
2026-07-27 23:34:32,124 [Worker-5: Building] INFO  o.a.m.s.f.DefaultMavenResourcesFiltering - Copying 2 resources from src\main\resources to target\classes
2026-07-27 23:34:32,133 [Worker-5: Building] INFO  o.a.m.s.f.DefaultMavenResourcesFiltering - Copying 0 resource from src\main\resources to target\classes
2026-07-27 23:34:32,136 [Worker-5: Building] INFO  o.a.m.s.f.DefaultMavenResourcesFiltering - Copying 0 resource from src\test\resources to target\test-classes
2026-07-27 23:34:57,158 [Worker-6: Building] INFO  o.a.m.s.f.DefaultMavenResourcesFiltering - Copying 2 resources from src\main\resources to target\classes
2026-07-27 23:34:57,169 [Worker-6: Building] INFO  o.a.m.s.f.DefaultMavenResourcesFiltering - Copying 0 resource from src\main\resources to target\classes
2026-07-27 23:34:57,173 [Worker-6: Building] INFO  o.a.m.s.f.DefaultMavenResourcesFiltering - Copying 1 resource from src\test\resources to target\test-classes
2026-07-27 23:35:24,938 [Worker-7: Building] INFO  o.a.m.s.f.DefaultMavenResourcesFiltering - Copying 2 resources from src\main\resources to target\classes
2026-07-27 23:35:24,950 [Worker-7: Building] INFO  o.a.m.s.f.DefaultMavenResourcesFiltering - Copying 0 resource from src\main\resources to target\classes
2026-07-27 23:35:24,955 [Worker-7: Building] INFO  o.a.m.s.f.DefaultMavenResourcesFiltering - Copying 0 resource from src\test\resources to target\test-classes
2026-07-27 23:35:30,118 [Worker-12: Building] INFO  o.a.m.s.f.DefaultMavenResourcesFiltering - Copying 2 resources from src\main\resources to target\classes
2026-07-27 23:35:30,129 [Worker-12: Building] INFO  o.a.m.s.f.DefaultMavenResourcesFiltering - Copying 0 resource from src\main\resources to target\classes
2026-07-27 23:35:30,132 [Worker-12: Building] INFO  o.a.m.s.f.DefaultMavenResourcesFiltering - Copying 0 resource from src\test\resources to target\test-classes
2026-07-27 23:36:59,973 [Worker-9: Building] INFO  o.a.m.s.f.DefaultMavenResourcesFiltering - Copying 2 resources from src\main\resources to target\classes
2026-07-27 23:36:59,989 [Worker-9: Building] INFO  o.a.m.s.f.DefaultMavenResourcesFiltering - Copying 0 resource from src\main\resources to target\classes
2026-07-27 23:36:59,993 [Worker-9: Building] INFO  o.a.m.s.f.DefaultMavenResourcesFiltering - Copying 1 resource from src\test\resources to target\test-classes
2026-07-27 23:37:19,222 [Worker-7: Building] INFO  o.a.m.s.f.DefaultMavenResourcesFiltering - Copying 2 resources from src\main\resources to target\classes
2026-07-27 23:37:19,232 [Worker-7: Building] INFO  o.a.m.s.f.DefaultMavenResourcesFiltering - Copying 0 resource from src\main\resources to target\classes
2026-07-27 23:37:19,235 [Worker-7: Building] INFO  o.a.m.s.f.DefaultMavenResourcesFiltering - Copying 0 resource from src\test\resources to target\test-classes
2026-07-27 23:37:24,142 [Worker-5: Building] INFO  o.a.m.s.f.DefaultMavenResourcesFiltering - Copying 2 resources from src\main\resources to target\classes
2026-07-27 23:37:24,151 [Worker-5: Building] INFO  o.a.m.s.f.DefaultMavenResourcesFiltering - Copying 0 resource from src\main\resources to target\classes
2026-07-27 23:37:24,154 [Worker-5: Building] INFO  o.a.m.s.f.DefaultMavenResourcesFiltering - Copying 0 resource from src\test\resources to target\test-classes
2026-07-27 23:38:00,187 [Worker-14: Building] INFO  o.a.m.s.f.DefaultMavenResourcesFiltering - Copying 2 resources from src\main\resources to target\classes
2026-07-27 23:38:00,199 [Worker-14: Building] INFO  o.a.m.s.f.DefaultMavenResourcesFiltering - Copying 0 resource from src\main\resources to target\classes
2026-07-27 23:38:00,201 [Worker-14: Building] INFO  o.a.m.s.f.DefaultMavenResourcesFiltering - Copying 1 resource from src\test\resources to target\test-classes
2026-07-27 23:38:07,088 [Worker-17: Building] INFO  o.a.m.s.f.DefaultMavenResourcesFiltering - Copying 2 resources from src\main\resources to target\classes
2026-07-27 23:38:07,103 [Worker-17: Building] INFO  o.a.m.s.f.DefaultMavenResourcesFiltering - Copying 0 resource from src\main\resources to target\classes
2026-07-27 23:38:07,106 [Worker-17: Building] INFO  o.a.m.s.f.DefaultMavenResourcesFiltering - Copying 0 resource from src\test\resources to target\test-classes
2026-07-27 23:38:12,231 [Worker-13: Building] INFO  o.a.m.s.f.DefaultMavenResourcesFiltering - Copying 2 resources from src\main\resources to target\classes
2026-07-27 23:38:12,244 [Worker-13: Building] INFO  o.a.m.s.f.DefaultMavenResourcesFiltering - Copying 0 resource from src\main\resources to target\classes
2026-07-27 23:38:12,248 [Worker-13: Building] INFO  o.a.m.s.f.DefaultMavenResourcesFiltering - Copying 0 resource from src\test\resources to target\test-classes
2026-07-27 23:38:16,797 [Worker-15: Building] INFO  o.a.m.s.f.DefaultMavenResourcesFiltering - Copying 2 resources from src\main\resources to target\classes
2026-07-27 23:38:16,809 [Worker-15: Building] INFO  o.a.m.s.f.DefaultMavenResourcesFiltering - Copying 0 resource from src\main\resources to target\classes
2026-07-27 23:38:16,813 [Worker-15: Building] INFO  o.a.m.s.f.DefaultMavenResourcesFiltering - Copying 0 resource from src\test\resources to target\test-classes
2026-07-27 23:38:49,649 [Worker-19: Building] INFO  o.a.m.s.f.DefaultMavenResourcesFiltering - Copying 2 resources from src\main\resources to target\classes
2026-07-27 23:38:49,660 [Worker-19: Building] INFO  o.a.m.s.f.DefaultMavenResourcesFiltering - Copying 0 resource from src\main\resources to target\classes
2026-07-27 23:38:49,665 [Worker-19: Building] INFO  o.a.m.s.f.DefaultMavenResourcesFiltering - Copying 1 resource from src\test\resources to target\test-classes
2026-07-27 23:39:18,897 [Worker-7: Building] INFO  o.a.m.s.f.DefaultMavenResourcesFiltering - Copying 2 resources from src\main\resources to target\classes
2026-07-27 23:39:18,908 [Worker-7: Building] INFO  o.a.m.s.f.DefaultMavenResourcesFiltering - Copying 0 resource from src\main\resources to target\classes
2026-07-27 23:39:18,912 [Worker-7: Building] INFO  o.a.m.s.f.DefaultMavenResourcesFiltering - Copying 0 resource from src\test\resources to target\test-classes
2026-07-27 23:39:23,419 [Worker-17: Building] INFO  o.a.m.s.f.DefaultMavenResourcesFiltering - Copying 2 resources from src\main\resources to target\classes
2026-07-27 23:39:23,433 [Worker-17: Building] INFO  o.a.m.s.f.DefaultMavenResourcesFiltering - Copying 0 resource from src\main\resources to target\classes
2026-07-27 23:39:23,436 [Worker-17: Building] INFO  o.a.m.s.f.DefaultMavenResourcesFiltering - Copying 0 resource from src\test\resources to target\test-classes
2026-07-27 23:40:04,129 [Worker-3: Building] INFO  o.a.m.s.f.DefaultMavenResourcesFiltering - Copying 2 resources from src\main\resources to target\classes
2026-07-27 23:40:04,140 [Worker-3: Building] INFO  o.a.m.s.f.DefaultMavenResourcesFiltering - Copying 0 resource from src\main\resources to target\classes
2026-07-27 23:40:04,144 [Worker-3: Building] INFO  o.a.m.s.f.DefaultMavenResourcesFiltering - Copying 0 resource from src\test\resources to target\test-classes
2026-07-27 23:40:37,748 [Worker-17: Building] INFO  o.a.m.s.f.DefaultMavenResourcesFiltering - Copying 2 resources from src\main\resources to target\classes
2026-07-27 23:40:37,762 [Worker-17: Building] INFO  o.a.m.s.f.DefaultMavenResourcesFiltering - Copying 0 resource from src\main\resources to target\classes
2026-07-27 23:40:37,765 [Worker-17: Building] INFO  o.a.m.s.f.DefaultMavenResourcesFiltering - Copying 1 resource from src\test\resources to target\test-classes
2026-07-27 23:41:39,305 [Worker-13: Building] INFO  o.a.m.s.f.DefaultMavenResourcesFiltering - Copying 2 resources from src\main\resources to target\classes
2026-07-27 23:41:39,320 [Worker-13: Building] INFO  o.a.m.s.f.DefaultMavenResourcesFiltering - Copying 0 resource from src\main\resources to target\classes
2026-07-27 23:41:39,323 [Worker-13: Building] INFO  o.a.m.s.f.DefaultMavenResourcesFiltering - Copying 1 resource from src\test\resources to target\test-classes
2026-07-27 23:41:58,294 [Worker-7: Building] INFO  o.a.m.s.f.DefaultMavenResourcesFiltering - Copying 2 resources from src\main\resources to target\classes
2026-07-27 23:41:58,304 [Worker-7: Building] INFO  o.a.m.s.f.DefaultMavenResourcesFiltering - Copying 0 resource from src\main\resources to target\classes
2026-07-27 23:41:58,307 [Worker-7: Building] INFO  o.a.m.s.f.DefaultMavenResourcesFiltering - Copying 0 resource from src\test\resources to target\test-classes
2026-07-27 23:43:59,572 [Worker-14: Building] INFO  o.a.m.s.f.DefaultMavenResourcesFiltering - Copying 1 resource from src\main\resources to target\classes
2026-07-27 23:43:59,592 [Worker-14: Building] INFO  o.a.m.s.f.DefaultMavenResourcesFiltering - Copying 0 resource from src\main\resources to target\classes
2026-07-27 23:43:59,594 [Worker-14: Building] INFO  o.a.m.s.f.DefaultMavenResourcesFiltering - Copying 0 resource from src\test\resources to target\test-classes
2026-07-27 23:46:12,314 [Worker-17: Launching Executing clean in D__seat_booking_app_seat-booking-system] INFO  o.eclipse.m2e.core.internal.Bundles - getClasspathEntries(Bundle=org.eclipse.m2e.maven.runtime_3.9.900.20250220-2013 [297])
2026-07-27 23:46:12,319 [Worker-17: Launching Executing clean in D__seat_booking_app_seat-booking-system] INFO  o.eclipse.m2e.core.internal.Bundles - 	Entry: C:\Users\Deepak\.p2\pool\plugins\org.eclipse.m2e.maven.runtime_3.9.900.20250220-2013
2026-07-27 23:46:12,320 [Worker-17: Launching Executing clean in D__seat_booking_app_seat-booking-system] INFO  o.eclipse.m2e.core.internal.Bundles - 	Entry: C:\Users\Deepak\.p2\pool\plugins\org.eclipse.m2e.maven.runtime_3.9.900.20250220-2013\jars\aopalliance-1.0.jar
2026-07-27 23:46:12,320 [Worker-17: Launching Executing clean in D__seat_booking_app_seat-booking-system] INFO  o.eclipse.m2e.core.internal.Bundles - 	Entry: C:\Users\Deepak\.p2\pool\plugins\org.eclipse.m2e.maven.runtime_3.9.900.20250220-2013\jars\guice-5.1.0.jar
2026-07-27 23:46:12,320 [Worker-17: Launching Executing clean in D__seat_booking_app_seat-booking-system] INFO  o.eclipse.m2e.core.internal.Bundles - 	Entry: C:\Users\Deepak\.p2\pool\plugins\org.eclipse.m2e.maven.runtime_3.9.900.20250220-2013\jars\httpclient-4.5.14.jar
2026-07-27 23:46:12,320 [Worker-17: Launching Executing clean in D__seat_booking_app_seat-booking-system] INFO  o.eclipse.m2e.core.internal.Bundles - 	Entry: C:\Users\Deepak\.p2\pool\plugins\org.eclipse.m2e.maven.runtime_3.9.900.20250220-2013\jars\httpcore-4.4.16.jar
2026-07-27 23:46:12,321 [Worker-17: Launching Executing clean in D__seat_booking_app_seat-booking-system] INFO  o.eclipse.m2e.core.internal.Bundles - 	Entry: C:\Users\Deepak\.p2\pool\plugins\org.eclipse.m2e.maven.runtime_3.9.900.20250220-2013\jars\jansi-2.4.1.jar
2026-07-27 23:46:12,321 [Worker-17: Launching Executing clean in D__seat_booking_app_seat-booking-system] INFO  o.eclipse.m2e.core.internal.Bundles - 	Entry: C:\Users\Deepak\.p2\pool\plugins\org.eclipse.m2e.maven.runtime_3.9.900.20250220-2013\jars\jcl-over-slf4j-1.7.36.jar
2026-07-27 23:46:12,321 [Worker-17: Launching Executing clean in D__seat_booking_app_seat-booking-system] INFO  o.eclipse.m2e.core.internal.Bundles - 	Entry: C:\Users\Deepak\.p2\pool\plugins\org.eclipse.m2e.maven.runtime_3.9.900.20250220-2013\jars\maven-artifact-3.9.9.jar
2026-07-27 23:46:12,321 [Worker-17: Launching Executing clean in D__seat_booking_app_seat-booking-system] INFO  o.eclipse.m2e.core.internal.Bundles - 	Entry: C:\Users\Deepak\.p2\pool\plugins\org.eclipse.m2e.maven.runtime_3.9.900.20250220-2013\jars\maven-builder-support-3.9.9.jar
2026-07-27 23:46:12,321 [Worker-17: Launching Executing clean in D__seat_booking_app_seat-booking-system] INFO  o.eclipse.m2e.core.internal.Bundles - 	Entry: C:\Users\Deepak\.p2\pool\plugins\org.eclipse.m2e.maven.runtime_3.9.900.20250220-2013\jars\maven-compat-3.9.9.jar
2026-07-27 23:46:12,321 [Worker-17: Launching Executing clean in D__seat_booking_app_seat-booking-system] INFO  o.eclipse.m2e.core.internal.Bundles - 	Entry: C:\Users\Deepak\.p2\pool\plugins\org.eclipse.m2e.maven.runtime_3.9.900.20250220-2013\jars\maven-core-3.9.9.jar
2026-07-27 23:46:12,321 [Worker-17: Launching Executing clean in D__seat_booking_app_seat-booking-system] INFO  o.eclipse.m2e.core.internal.Bundles - 	Entry: C:\Users\Deepak\.p2\pool\plugins\org.eclipse.m2e.maven.runtime_3.9.900.20250220-2013\jars\maven-embedder-3.9.9.jar
2026-07-27 23:46:12,322 [Worker-17: Launching Executing clean in D__seat_booking_app_seat-booking-system] INFO  o.eclipse.m2e.core.internal.Bundles - 	Entry: C:\Users\Deepak\.p2\pool\plugins\org.eclipse.m2e.maven.runtime_3.9.900.20250220-2013\jars\maven-model-3.9.9.jar
2026-07-27 23:46:12,322 [Worker-17: Launching Executing clean in D__seat_booking_app_seat-booking-system] INFO  o.eclipse.m2e.core.internal.Bundles - 	Entry: C:\Users\Deepak\.p2\pool\plugins\org.eclipse.m2e.maven.runtime_3.9.900.20250220-2013\jars\maven-model-builder-3.9.9.jar
2026-07-27 23:46:12,322 [Worker-17: Launching Executing clean in D__seat_booking_app_seat-booking-system] INFO  o.eclipse.m2e.core.internal.Bundles - 	Entry: C:\Users\Deepak\.p2\pool\plugins\org.eclipse.m2e.maven.runtime_3.9.900.20250220-2013\jars\maven-plugin-api-3.9.9.jar
2026-07-27 23:46:12,322 [Worker-17: Launching Executing clean in D__seat_booking_app_seat-booking-system] INFO  o.eclipse.m2e.core.internal.Bundles - 	Entry: C:\Users\Deepak\.p2\pool\plugins\org.eclipse.m2e.maven.runtime_3.9.900.20250220-2013\jars\maven-repository-metadata-3.9.9.jar
2026-07-27 23:46:12,322 [Worker-17: Launching Executing clean in D__seat_booking_app_seat-booking-system] INFO  o.eclipse.m2e.core.internal.Bundles - 	Entry: C:\Users\Deepak\.p2\pool\plugins\org.eclipse.m2e.maven.runtime_3.9.900.20250220-2013\jars\maven-resolver-api-1.9.22.jar
2026-07-27 23:46:12,322 [Worker-17: Launching Executing clean in D__seat_booking_app_seat-booking-system] INFO  o.eclipse.m2e.core.internal.Bundles - 	Entry: C:\Users\Deepak\.p2\pool\plugins\org.eclipse.m2e.maven.runtime_3.9.900.20250220-2013\jars\maven-resolver-connector-basic-1.9.22.jar
2026-07-27 23:46:12,322 [Worker-17: Launching Executing clean in D__seat_booking_app_seat-booking-system] INFO  o.eclipse.m2e.core.internal.Bundles - 	Entry: C:\Users\Deepak\.p2\pool\plugins\org.eclipse.m2e.maven.runtime_3.9.900.20250220-2013\jars\maven-resolver-impl-1.9.22.jar
2026-07-27 23:46:12,323 [Worker-17: Launching Executing clean in D__seat_booking_app_seat-booking-system] INFO  o.eclipse.m2e.core.internal.Bundles - 	Entry: C:\Users\Deepak\.p2\pool\plugins\org.eclipse.m2e.maven.runtime_3.9.900.20250220-2013\jars\maven-resolver-named-locks-1.9.22.jar
2026-07-27 23:46:12,323 [Worker-17: Launching Executing clean in D__seat_booking_app_seat-booking-system] INFO  o.eclipse.m2e.core.internal.Bundles - 	Entry: C:\Users\Deepak\.p2\pool\plugins\org.eclipse.m2e.maven.runtime_3.9.900.20250220-2013\jars\maven-resolver-provider-3.9.9.jar
2026-07-27 23:46:12,323 [Worker-17: Launching Executing clean in D__seat_booking_app_seat-booking-system] INFO  o.eclipse.m2e.core.internal.Bundles - 	Entry: C:\Users\Deepak\.p2\pool\plugins\org.eclipse.m2e.maven.runtime_3.9.900.20250220-2013\jars\maven-resolver-spi-1.9.22.jar
2026-07-27 23:46:12,323 [Worker-17: Launching Executing clean in D__seat_booking_app_seat-booking-system] INFO  o.eclipse.m2e.core.internal.Bundles - 	Entry: C:\Users\Deepak\.p2\pool\plugins\org.eclipse.m2e.maven.runtime_3.9.900.20250220-2013\jars\maven-resolver-transport-file-1.9.22.jar
2026-07-27 23:46:12,323 [Worker-17: Launching Executing clean in D__seat_booking_app_seat-booking-system] INFO  o.eclipse.m2e.core.internal.Bundles - 	Entry: C:\Users\Deepak\.p2\pool\plugins\org.eclipse.m2e.maven.runtime_3.9.900.20250220-2013\jars\maven-resolver-transport-http-1.9.22.jar
2026-07-27 23:46:12,323 [Worker-17: Launching Executing clean in D__seat_booking_app_seat-booking-system] INFO  o.eclipse.m2e.core.internal.Bundles - 	Entry: C:\Users\Deepak\.p2\pool\plugins\org.eclipse.m2e.maven.runtime_3.9.900.20250220-2013\jars\maven-resolver-transport-wagon-1.9.22.jar
2026-07-27 23:46:12,324 [Worker-17: Launching Executing clean in D__seat_booking_app_seat-booking-system] INFO  o.eclipse.m2e.core.internal.Bundles - 	Entry: C:\Users\Deepak\.p2\pool\plugins\org.eclipse.m2e.maven.runtime_3.9.900.20250220-2013\jars\maven-resolver-util-1.9.22.jar
2026-07-27 23:46:12,324 [Worker-17: Launching Executing clean in D__seat_booking_app_seat-booking-system] INFO  o.eclipse.m2e.core.internal.Bundles - 	Entry: C:\Users\Deepak\.p2\pool\plugins\org.eclipse.m2e.maven.runtime_3.9.900.20250220-2013\jars\maven-settings-3.9.9.jar
2026-07-27 23:46:12,324 [Worker-17: Launching Executing clean in D__seat_booking_app_seat-booking-system] INFO  o.eclipse.m2e.core.internal.Bundles - 	Entry: C:\Users\Deepak\.p2\pool\plugins\org.eclipse.m2e.maven.runtime_3.9.900.20250220-2013\jars\maven-settings-builder-3.9.9.jar
2026-07-27 23:46:12,324 [Worker-17: Launching Executing clean in D__seat_booking_app_seat-booking-system] INFO  o.eclipse.m2e.core.internal.Bundles - 	Entry: C:\Users\Deepak\.p2\pool\plugins\org.eclipse.m2e.maven.runtime_3.9.900.20250220-2013\jars\maven-shared-utils-3.4.2.jar
2026-07-27 23:46:12,324 [Worker-17: Launching Executing clean in D__seat_booking_app_seat-booking-system] INFO  o.eclipse.m2e.core.internal.Bundles - 	Entry: C:\Users\Deepak\.p2\pool\plugins\org.eclipse.m2e.maven.runtime_3.9.900.20250220-2013\jars\org.eclipse.sisu.inject-0.9.0.M3.jar
2026-07-27 23:46:12,324 [Worker-17: Launching Executing clean in D__seat_booking_app_seat-booking-system] INFO  o.eclipse.m2e.core.internal.Bundles - 	Entry: C:\Users\Deepak\.p2\pool\plugins\org.eclipse.m2e.maven.runtime_3.9.900.20250220-2013\jars\org.eclipse.sisu.plexus-0.9.0.M3.jar
2026-07-27 23:46:12,324 [Worker-17: Launching Executing clean in D__seat_booking_app_seat-booking-system] INFO  o.eclipse.m2e.core.internal.Bundles - 	Entry: C:\Users\Deepak\.p2\pool\plugins\org.eclipse.m2e.maven.runtime_3.9.900.20250220-2013\jars\plexus-build-api-0.0.7.jar
2026-07-27 23:46:12,325 [Worker-17: Launching Executing clean in D__seat_booking_app_seat-booking-system] INFO  o.eclipse.m2e.core.internal.Bundles - 	Entry: C:\Users\Deepak\.p2\pool\plugins\org.eclipse.m2e.maven.runtime_3.9.900.20250220-2013\jars\plexus-build-api-1.2.0.jar
2026-07-27 23:46:12,325 [Worker-17: Launching Executing clean in D__seat_booking_app_seat-booking-system] INFO  o.eclipse.m2e.core.internal.Bundles - 	Entry: C:\Users\Deepak\.p2\pool\plugins\org.eclipse.m2e.maven.runtime_3.9.900.20250220-2013\jars\plexus-cipher-2.0.jar
2026-07-27 23:46:12,325 [Worker-17: Launching Executing clean in D__seat_booking_app_seat-booking-system] INFO  o.eclipse.m2e.core.internal.Bundles - 	Entry: C:\Users\Deepak\.p2\pool\plugins\org.eclipse.m2e.maven.runtime_3.9.900.20250220-2013\jars\plexus-classworlds-2.8.0.jar
2026-07-27 23:46:12,325 [Worker-17: Launching Executing clean in D__seat_booking_app_seat-booking-system] INFO  o.eclipse.m2e.core.internal.Bundles - 	Entry: C:\Users\Deepak\.p2\pool\plugins\org.eclipse.m2e.maven.runtime_3.9.900.20250220-2013\jars\plexus-component-annotations-2.1.0.jar
2026-07-27 23:46:12,325 [Worker-17: Launching Executing clean in D__seat_booking_app_seat-booking-system] INFO  o.eclipse.m2e.core.internal.Bundles - 	Entry: C:\Users\Deepak\.p2\pool\plugins\org.eclipse.m2e.maven.runtime_3.9.900.20250220-2013\jars\plexus-interpolation-1.27.jar
2026-07-27 23:46:12,325 [Worker-17: Launching Executing clean in D__seat_booking_app_seat-booking-system] INFO  o.eclipse.m2e.core.internal.Bundles - 	Entry: C:\Users\Deepak\.p2\pool\plugins\org.eclipse.m2e.maven.runtime_3.9.900.20250220-2013\jars\plexus-sec-dispatcher-2.0.jar
2026-07-27 23:46:12,325 [Worker-17: Launching Executing clean in D__seat_booking_app_seat-booking-system] INFO  o.eclipse.m2e.core.internal.Bundles - 	Entry: C:\Users\Deepak\.p2\pool\plugins\org.eclipse.m2e.maven.runtime_3.9.900.20250220-2013\jars\plexus-utils-3.5.1.jar
2026-07-27 23:46:12,326 [Worker-17: Launching Executing clean in D__seat_booking_app_seat-booking-system] INFO  o.eclipse.m2e.core.internal.Bundles - 	Entry: C:\Users\Deepak\.p2\pool\plugins\org.eclipse.m2e.maven.runtime_3.9.900.20250220-2013\jars\plexus-xml-3.0.1.jar
2026-07-27 23:46:12,326 [Worker-17: Launching Executing clean in D__seat_booking_app_seat-booking-system] INFO  o.eclipse.m2e.core.internal.Bundles - 	Entry: C:\Users\Deepak\.p2\pool\plugins\org.eclipse.m2e.maven.runtime_3.9.900.20250220-2013\jars\wagon-file-3.5.3.jar
2026-07-27 23:46:12,326 [Worker-17: Launching Executing clean in D__seat_booking_app_seat-booking-system] INFO  o.eclipse.m2e.core.internal.Bundles - 	Entry: C:\Users\Deepak\.p2\pool\plugins\org.eclipse.m2e.maven.runtime_3.9.900.20250220-2013\jars\wagon-http-3.5.3.jar
2026-07-27 23:46:12,326 [Worker-17: Launching Executing clean in D__seat_booking_app_seat-booking-system] INFO  o.eclipse.m2e.core.internal.Bundles - 	Entry: C:\Users\Deepak\.p2\pool\plugins\org.eclipse.m2e.maven.runtime_3.9.900.20250220-2013\jars\wagon-http-shared-3.5.3.jar
2026-07-27 23:46:12,326 [Worker-17: Launching Executing clean in D__seat_booking_app_seat-booking-system] INFO  o.eclipse.m2e.core.internal.Bundles - 	Entry: C:\Users\Deepak\.p2\pool\plugins\org.eclipse.m2e.maven.runtime_3.9.900.20250220-2013\jars\wagon-provider-api-3.5.3.jar
2026-07-27 23:46:12,327 [Worker-17: Launching Executing clean in D__seat_booking_app_seat-booking-system] INFO  o.eclipse.m2e.core.internal.Bundles - getClasspathEntries(Bundle=com.google.guava_33.4.8.jre [13])
2026-07-27 23:46:12,328 [Worker-17: Launching Executing clean in D__seat_booking_app_seat-booking-system] INFO  o.eclipse.m2e.core.internal.Bundles - 	Entry: C:\Users\Deepak\.p2\pool\plugins\com.google.guava_33.4.8.jre.jar
2026-07-27 23:46:12,328 [Worker-17: Launching Executing clean in D__seat_booking_app_seat-booking-system] INFO  o.eclipse.m2e.core.internal.Bundles - getClasspathEntries(Bundle=slf4j.api_2.0.17 [520])
2026-07-27 23:46:12,329 [Worker-17: Launching Executing clean in D__seat_booking_app_seat-booking-system] INFO  o.eclipse.m2e.core.internal.Bundles - 	Entry: C:\Users\Deepak\.p2\pool\plugins\slf4j.api_2.0.17.jar
2026-07-27 23:46:12,329 [Worker-17: Launching Executing clean in D__seat_booking_app_seat-booking-system] INFO  o.eclipse.m2e.core.internal.Bundles - getClasspathEntries(Bundle=jakarta.inject.jakarta.inject-api_1.0.5 [24])
2026-07-27 23:46:12,330 [Worker-17: Launching Executing clean in D__seat_booking_app_seat-booking-system] INFO  o.eclipse.m2e.core.internal.Bundles - 	Entry: C:\Users\Deepak\.p2\pool\plugins\jakarta.inject.jakarta.inject-api_1.0.5.jar
2026-07-27 23:46:12,330 [Worker-17: Launching Executing clean in D__seat_booking_app_seat-booking-system] INFO  o.eclipse.m2e.core.internal.Bundles - getClasspathEntries(Bundle=javax.annotation_1.3.5.v20200909-1856 [27])
2026-07-27 23:46:12,330 [Worker-17: Launching Executing clean in D__seat_booking_app_seat-booking-system] INFO  o.eclipse.m2e.core.internal.Bundles - 	Entry: C:\Users\Deepak\.p2\pool\plugins\javax.annotation_1.3.5.v20200909-1856.jar
2026-07-27 23:46:12,330 [Worker-17: Launching Executing clean in D__seat_booking_app_seat-booking-system] INFO  o.eclipse.m2e.core.internal.Bundles - getClasspathEntries(Bundle=org.apache.commons.cli_1.9.0 [49])
2026-07-27 23:46:12,331 [Worker-17: Launching Executing clean in D__seat_booking_app_seat-booking-system] INFO  o.eclipse.m2e.core.internal.Bundles - 	Entry: C:\Users\Deepak\.p2\pool\plugins\org.apache.commons.cli_1.9.0.jar
2026-07-27 23:46:12,332 [Worker-17: Launching Executing clean in D__seat_booking_app_seat-booking-system] INFO  o.eclipse.m2e.core.internal.Bundles - getClasspathEntries(Bundle=org.apache.commons.commons-codec_1.16.0 [50])
2026-07-27 23:46:12,333 [Worker-17: Launching Executing clean in D__seat_booking_app_seat-booking-system] INFO  o.eclipse.m2e.core.internal.Bundles - 	Entry: C:\Users\Deepak\.p2\pool\plugins\org.apache.commons.commons-codec_1.16.0.jar
2026-07-27 23:46:12,333 [Worker-17: Launching Executing clean in D__seat_booking_app_seat-booking-system] INFO  o.eclipse.m2e.core.internal.Bundles - getClasspathEntries(Bundle=com.google.guava.failureaccess_1.0.3 [14])
2026-07-27 23:46:12,334 [Worker-17: Launching Executing clean in D__seat_booking_app_seat-booking-system] INFO  o.eclipse.m2e.core.internal.Bundles - 	Entry: C:\Users\Deepak\.p2\pool\plugins\com.google.guava.failureaccess_1.0.3.jar
2026-07-27 23:46:12,338 [Worker-17: Launching Executing clean in D__seat_booking_app_seat-booking-system] INFO  o.e.m.i.launch.MavenLaunchDelegate - Run build in "D:\seat_booking_app\seat-booking-system":
2026-07-27 23:46:12,339 [Worker-17: Launching Executing clean in D__seat_booking_app_seat-booking-system] INFO  o.e.m.i.launch.MavenLaunchDelegate -  mvn  -B -Dstyle.color=always clean
2026-07-27 23:46:29,591 [Worker-22: Launching Executing clean in D__seat_booking_app_seat-booking-system] INFO  o.eclipse.m2e.core.internal.Bundles - getClasspathEntries(Bundle=org.eclipse.m2e.maven.runtime_3.9.900.20250220-2013 [297])
2026-07-27 23:46:29,592 [Worker-22: Launching Executing clean in D__seat_booking_app_seat-booking-system] INFO  o.eclipse.m2e.core.internal.Bundles - 	Entry: C:\Users\Deepak\.p2\pool\plugins\org.eclipse.m2e.maven.runtime_3.9.900.20250220-2013
2026-07-27 23:46:29,593 [Worker-22: Launching Executing clean in D__seat_booking_app_seat-booking-system] INFO  o.eclipse.m2e.core.internal.Bundles - 	Entry: C:\Users\Deepak\.p2\pool\plugins\org.eclipse.m2e.maven.runtime_3.9.900.20250220-2013\jars\aopalliance-1.0.jar
2026-07-27 23:46:29,593 [Worker-22: Launching Executing clean in D__seat_booking_app_seat-booking-system] INFO  o.eclipse.m2e.core.internal.Bundles - 	Entry: C:\Users\Deepak\.p2\pool\plugins\org.eclipse.m2e.maven.runtime_3.9.900.20250220-2013\jars\guice-5.1.0.jar
2026-07-27 23:46:29,593 [Worker-22: Launching Executing clean in D__seat_booking_app_seat-booking-system] INFO  o.eclipse.m2e.core.internal.Bundles - 	Entry: C:\Users\Deepak\.p2\pool\plugins\org.eclipse.m2e.maven.runtime_3.9.900.20250220-2013\jars\httpclient-4.5.14.jar
2026-07-27 23:46:29,593 [Worker-22: Launching Executing clean in D__seat_booking_app_seat-booking-system] INFO  o.eclipse.m2e.core.internal.Bundles - 	Entry: C:\Users\Deepak\.p2\pool\plugins\org.eclipse.m2e.maven.runtime_3.9.900.20250220-2013\jars\httpcore-4.4.16.jar
2026-07-27 23:46:29,593 [Worker-22: Launching Executing clean in D__seat_booking_app_seat-booking-system] INFO  o.eclipse.m2e.core.internal.Bundles - 	Entry: C:\Users\Deepak\.p2\pool\plugins\org.eclipse.m2e.maven.runtime_3.9.900.20250220-2013\jars\jansi-2.4.1.jar
2026-07-27 23:46:29,594 [Worker-22: Launching Executing clean in D__seat_booking_app_seat-booking-system] INFO  o.eclipse.m2e.core.internal.Bundles - 	Entry: C:\Users\Deepak\.p2\pool\plugins\org.eclipse.m2e.maven.runtime_3.9.900.20250220-2013\jars\jcl-over-slf4j-1.7.36.jar
2026-07-27 23:46:29,594 [Worker-22: Launching Executing clean in D__seat_booking_app_seat-booking-system] INFO  o.eclipse.m2e.core.internal.Bundles - 	Entry: C:\Users\Deepak\.p2\pool\plugins\org.eclipse.m2e.maven.runtime_3.9.900.20250220-2013\jars\maven-artifact-3.9.9.jar
2026-07-27 23:46:29,594 [Worker-22: Launching Executing clean in D__seat_booking_app_seat-booking-system] INFO  o.eclipse.m2e.core.internal.Bundles - 	Entry: C:\Users\Deepak\.p2\pool\plugins\org.eclipse.m2e.maven.runtime_3.9.900.20250220-2013\jars\maven-builder-support-3.9.9.jar
2026-07-27 23:46:29,594 [Worker-22: Launching Executing clean in D__seat_booking_app_seat-booking-system] INFO  o.eclipse.m2e.core.internal.Bundles - 	Entry: C:\Users\Deepak\.p2\pool\plugins\org.eclipse.m2e.maven.runtime_3.9.900.20250220-2013\jars\maven-compat-3.9.9.jar
2026-07-27 23:46:29,594 [Worker-22: Launching Executing clean in D__seat_booking_app_seat-booking-system] INFO  o.eclipse.m2e.core.internal.Bundles - 	Entry: C:\Users\Deepak\.p2\pool\plugins\org.eclipse.m2e.maven.runtime_3.9.900.20250220-2013\jars\maven-core-3.9.9.jar
2026-07-27 23:46:29,594 [Worker-22: Launching Executing clean in D__seat_booking_app_seat-booking-system] INFO  o.eclipse.m2e.core.internal.Bundles - 	Entry: C:\Users\Deepak\.p2\pool\plugins\org.eclipse.m2e.maven.runtime_3.9.900.20250220-2013\jars\maven-embedder-3.9.9.jar
2026-07-27 23:46:29,594 [Worker-22: Launching Executing clean in D__seat_booking_app_seat-booking-system] INFO  o.eclipse.m2e.core.internal.Bundles - 	Entry: C:\Users\Deepak\.p2\pool\plugins\org.eclipse.m2e.maven.runtime_3.9.900.20250220-2013\jars\maven-model-3.9.9.jar
2026-07-27 23:46:29,595 [Worker-22: Launching Executing clean in D__seat_booking_app_seat-booking-system] INFO  o.eclipse.m2e.core.internal.Bundles - 	Entry: C:\Users\Deepak\.p2\pool\plugins\org.eclipse.m2e.maven.runtime_3.9.900.20250220-2013\jars\maven-model-builder-3.9.9.jar
2026-07-27 23:46:29,595 [Worker-22: Launching Executing clean in D__seat_booking_app_seat-booking-system] INFO  o.eclipse.m2e.core.internal.Bundles - 	Entry: C:\Users\Deepak\.p2\pool\plugins\org.eclipse.m2e.maven.runtime_3.9.900.20250220-2013\jars\maven-plugin-api-3.9.9.jar
2026-07-27 23:46:29,595 [Worker-22: Launching Executing clean in D__seat_booking_app_seat-booking-system] INFO  o.eclipse.m2e.core.internal.Bundles - 	Entry: C:\Users\Deepak\.p2\pool\plugins\org.eclipse.m2e.maven.runtime_3.9.900.20250220-2013\jars\maven-repository-metadata-3.9.9.jar
2026-07-27 23:46:29,595 [Worker-22: Launching Executing clean in D__seat_booking_app_seat-booking-system] INFO  o.eclipse.m2e.core.internal.Bundles - 	Entry: C:\Users\Deepak\.p2\pool\plugins\org.eclipse.m2e.maven.runtime_3.9.900.20250220-2013\jars\maven-resolver-api-1.9.22.jar
2026-07-27 23:46:29,595 [Worker-22: Launching Executing clean in D__seat_booking_app_seat-booking-system] INFO  o.eclipse.m2e.core.internal.Bundles - 	Entry: C:\Users\Deepak\.p2\pool\plugins\org.eclipse.m2e.maven.runtime_3.9.900.20250220-2013\jars\maven-resolver-connector-basic-1.9.22.jar
2026-07-27 23:46:29,595 [Worker-22: Launching Executing clean in D__seat_booking_app_seat-booking-system] INFO  o.eclipse.m2e.core.internal.Bundles - 	Entry: C:\Users\Deepak\.p2\pool\plugins\org.eclipse.m2e.maven.runtime_3.9.900.20250220-2013\jars\maven-resolver-impl-1.9.22.jar
2026-07-27 23:46:29,596 [Worker-22: Launching Executing clean in D__seat_booking_app_seat-booking-system] INFO  o.eclipse.m2e.core.internal.Bundles - 	Entry: C:\Users\Deepak\.p2\pool\plugins\org.eclipse.m2e.maven.runtime_3.9.900.20250220-2013\jars\maven-resolver-named-locks-1.9.22.jar
2026-07-27 23:46:29,596 [Worker-22: Launching Executing clean in D__seat_booking_app_seat-booking-system] INFO  o.eclipse.m2e.core.internal.Bundles - 	Entry: C:\Users\Deepak\.p2\pool\plugins\org.eclipse.m2e.maven.runtime_3.9.900.20250220-2013\jars\maven-resolver-provider-3.9.9.jar
2026-07-27 23:46:29,596 [Worker-22: Launching Executing clean in D__seat_booking_app_seat-booking-system] INFO  o.eclipse.m2e.core.internal.Bundles - 	Entry: C:\Users\Deepak\.p2\pool\plugins\org.eclipse.m2e.maven.runtime_3.9.900.20250220-2013\jars\maven-resolver-spi-1.9.22.jar
2026-07-27 23:46:29,596 [Worker-22: Launching Executing clean in D__seat_booking_app_seat-booking-system] INFO  o.eclipse.m2e.core.internal.Bundles - 	Entry: C:\Users\Deepak\.p2\pool\plugins\org.eclipse.m2e.maven.runtime_3.9.900.20250220-2013\jars\maven-resolver-transport-file-1.9.22.jar
2026-07-27 23:46:29,596 [Worker-22: Launching Executing clean in D__seat_booking_app_seat-booking-system] INFO  o.eclipse.m2e.core.internal.Bundles - 	Entry: C:\Users\Deepak\.p2\pool\plugins\org.eclipse.m2e.maven.runtime_3.9.900.20250220-2013\jars\maven-resolver-transport-http-1.9.22.jar
2026-07-27 23:46:29,596 [Worker-22: Launching Executing clean in D__seat_booking_app_seat-booking-system] INFO  o.eclipse.m2e.core.internal.Bundles - 	Entry: C:\Users\Deepak\.p2\pool\plugins\org.eclipse.m2e.maven.runtime_3.9.900.20250220-2013\jars\maven-resolver-transport-wagon-1.9.22.jar
2026-07-27 23:46:29,596 [Worker-22: Launching Executing clean in D__seat_booking_app_seat-booking-system] INFO  o.eclipse.m2e.core.internal.Bundles - 	Entry: C:\Users\Deepak\.p2\pool\plugins\org.eclipse.m2e.maven.runtime_3.9.900.20250220-2013\jars\maven-resolver-util-1.9.22.jar
2026-07-27 23:46:29,597 [Worker-22: Launching Executing clean in D__seat_booking_app_seat-booking-system] INFO  o.eclipse.m2e.core.internal.Bundles - 	Entry: C:\Users\Deepak\.p2\pool\plugins\org.eclipse.m2e.maven.runtime_3.9.900.20250220-2013\jars\maven-settings-3.9.9.jar
2026-07-27 23:46:29,597 [Worker-22: Launching Executing clean in D__seat_booking_app_seat-booking-system] INFO  o.eclipse.m2e.core.internal.Bundles - 	Entry: C:\Users\Deepak\.p2\pool\plugins\org.eclipse.m2e.maven.runtime_3.9.900.20250220-2013\jars\maven-settings-builder-3.9.9.jar
2026-07-27 23:46:29,597 [Worker-22: Launching Executing clean in D__seat_booking_app_seat-booking-system] INFO  o.eclipse.m2e.core.internal.Bundles - 	Entry: C:\Users\Deepak\.p2\pool\plugins\org.eclipse.m2e.maven.runtime_3.9.900.20250220-2013\jars\maven-shared-utils-3.4.2.jar
2026-07-27 23:46:29,597 [Worker-22: Launching Executing clean in D__seat_booking_app_seat-booking-system] INFO  o.eclipse.m2e.core.internal.Bundles - 	Entry: C:\Users\Deepak\.p2\pool\plugins\org.eclipse.m2e.maven.runtime_3.9.900.20250220-2013\jars\org.eclipse.sisu.inject-0.9.0.M3.jar
2026-07-27 23:46:29,597 [Worker-22: Launching Executing clean in D__seat_booking_app_seat-booking-system] INFO  o.eclipse.m2e.core.internal.Bundles - 	Entry: C:\Users\Deepak\.p2\pool\plugins\org.eclipse.m2e.maven.runtime_3.9.900.20250220-2013\jars\org.eclipse.sisu.plexus-0.9.0.M3.jar
2026-07-27 23:46:29,597 [Worker-22: Launching Executing clean in D__seat_booking_app_seat-booking-system] INFO  o.eclipse.m2e.core.internal.Bundles - 	Entry: C:\Users\Deepak\.p2\pool\plugins\org.eclipse.m2e.maven.runtime_3.9.900.20250220-2013\jars\plexus-build-api-0.0.7.jar
2026-07-27 23:46:29,597 [Worker-22: Launching Executing clean in D__seat_booking_app_seat-booking-system] INFO  o.eclipse.m2e.core.internal.Bundles - 	Entry: C:\Users\Deepak\.p2\pool\plugins\org.eclipse.m2e.maven.runtime_3.9.900.20250220-2013\jars\plexus-build-api-1.2.0.jar
2026-07-27 23:46:29,598 [Worker-22: Launching Executing clean in D__seat_booking_app_seat-booking-system] INFO  o.eclipse.m2e.core.internal.Bundles - 	Entry: C:\Users\Deepak\.p2\pool\plugins\org.eclipse.m2e.maven.runtime_3.9.900.20250220-2013\jars\plexus-cipher-2.0.jar
2026-07-27 23:46:29,598 [Worker-22: Launching Executing clean in D__seat_booking_app_seat-booking-system] INFO  o.eclipse.m2e.core.internal.Bundles - 	Entry: C:\Users\Deepak\.p2\pool\plugins\org.eclipse.m2e.maven.runtime_3.9.900.20250220-2013\jars\plexus-classworlds-2.8.0.jar
2026-07-27 23:46:29,599 [Worker-22: Launching Executing clean in D__seat_booking_app_seat-booking-system] INFO  o.eclipse.m2e.core.internal.Bundles - 	Entry: C:\Users\Deepak\.p2\pool\plugins\org.eclipse.m2e.maven.runtime_3.9.900.20250220-2013\jars\plexus-component-annotations-2.1.0.jar
2026-07-27 23:46:29,599 [Worker-22: Launching Executing clean in D__seat_booking_app_seat-booking-system] INFO  o.eclipse.m2e.core.internal.Bundles - 	Entry: C:\Users\Deepak\.p2\pool\plugins\org.eclipse.m2e.maven.runtime_3.9.900.20250220-2013\jars\plexus-interpolation-1.27.jar
2026-07-27 23:46:29,599 [Worker-22: Launching Executing clean in D__seat_booking_app_seat-booking-system] INFO  o.eclipse.m2e.core.internal.Bundles - 	Entry: C:\Users\Deepak\.p2\pool\plugins\org.eclipse.m2e.maven.runtime_3.9.900.20250220-2013\jars\plexus-sec-dispatcher-2.0.jar
2026-07-27 23:46:29,599 [Worker-22: Launching Executing clean in D__seat_booking_app_seat-booking-system] INFO  o.eclipse.m2e.core.internal.Bundles - 	Entry: C:\Users\Deepak\.p2\pool\plugins\org.eclipse.m2e.maven.runtime_3.9.900.20250220-2013\jars\plexus-utils-3.5.1.jar
2026-07-27 23:46:29,599 [Worker-22: Launching Executing clean in D__seat_booking_app_seat-booking-system] INFO  o.eclipse.m2e.core.internal.Bundles - 	Entry: C:\Users\Deepak\.p2\pool\plugins\org.eclipse.m2e.maven.runtime_3.9.900.20250220-2013\jars\plexus-xml-3.0.1.jar
2026-07-27 23:46:29,600 [Worker-22: Launching Executing clean in D__seat_booking_app_seat-booking-system] INFO  o.eclipse.m2e.core.internal.Bundles - 	Entry: C:\Users\Deepak\.p2\pool\plugins\org.eclipse.m2e.maven.runtime_3.9.900.20250220-2013\jars\wagon-file-3.5.3.jar
2026-07-27 23:46:29,600 [Worker-22: Launching Executing clean in D__seat_booking_app_seat-booking-system] INFO  o.eclipse.m2e.core.internal.Bundles - 	Entry: C:\Users\Deepak\.p2\pool\plugins\org.eclipse.m2e.maven.runtime_3.9.900.20250220-2013\jars\wagon-http-3.5.3.jar
2026-07-27 23:46:29,600 [Worker-22: Launching Executing clean in D__seat_booking_app_seat-booking-system] INFO  o.eclipse.m2e.core.internal.Bundles - 	Entry: C:\Users\Deepak\.p2\pool\plugins\org.eclipse.m2e.maven.runtime_3.9.900.20250220-2013\jars\wagon-http-shared-3.5.3.jar
2026-07-27 23:46:29,600 [Worker-22: Launching Executing clean in D__seat_booking_app_seat-booking-system] INFO  o.eclipse.m2e.core.internal.Bundles - 	Entry: C:\Users\Deepak\.p2\pool\plugins\org.eclipse.m2e.maven.runtime_3.9.900.20250220-2013\jars\wagon-provider-api-3.5.3.jar
2026-07-27 23:46:29,601 [Worker-22: Launching Executing clean in D__seat_booking_app_seat-booking-system] INFO  o.eclipse.m2e.core.internal.Bundles - getClasspathEntries(Bundle=com.google.guava_33.4.8.jre [13])
2026-07-27 23:46:29,602 [Worker-22: Launching Executing clean in D__seat_booking_app_seat-booking-system] INFO  o.eclipse.m2e.core.internal.Bundles - 	Entry: C:\Users\Deepak\.p2\pool\plugins\com.google.guava_33.4.8.jre.jar
2026-07-27 23:46:29,602 [Worker-22: Launching Executing clean in D__seat_booking_app_seat-booking-system] INFO  o.eclipse.m2e.core.internal.Bundles - getClasspathEntries(Bundle=slf4j.api_2.0.17 [520])
2026-07-27 23:46:29,602 [Worker-22: Launching Executing clean in D__seat_booking_app_seat-booking-system] INFO  o.eclipse.m2e.core.internal.Bundles - 	Entry: C:\Users\Deepak\.p2\pool\plugins\slf4j.api_2.0.17.jar
2026-07-27 23:46:29,602 [Worker-22: Launching Executing clean in D__seat_booking_app_seat-booking-system] INFO  o.eclipse.m2e.core.internal.Bundles - getClasspathEntries(Bundle=jakarta.inject.jakarta.inject-api_1.0.5 [24])
2026-07-27 23:46:29,603 [Worker-22: Launching Executing clean in D__seat_booking_app_seat-booking-system] INFO  o.eclipse.m2e.core.internal.Bundles - 	Entry: C:\Users\Deepak\.p2\pool\plugins\jakarta.inject.jakarta.inject-api_1.0.5.jar
2026-07-27 23:46:29,603 [Worker-22: Launching Executing clean in D__seat_booking_app_seat-booking-system] INFO  o.eclipse.m2e.core.internal.Bundles - getClasspathEntries(Bundle=javax.annotation_1.3.5.v20200909-1856 [27])
2026-07-27 23:46:29,603 [Worker-22: Launching Executing clean in D__seat_booking_app_seat-booking-system] INFO  o.eclipse.m2e.core.internal.Bundles - 	Entry: C:\Users\Deepak\.p2\pool\plugins\javax.annotation_1.3.5.v20200909-1856.jar
2026-07-27 23:46:29,603 [Worker-22: Launching Executing clean in D__seat_booking_app_seat-booking-system] INFO  o.eclipse.m2e.core.internal.Bundles - getClasspathEntries(Bundle=org.apache.commons.cli_1.9.0 [49])
2026-07-27 23:46:29,603 [Worker-22: Launching Executing clean in D__seat_booking_app_seat-booking-system] INFO  o.eclipse.m2e.core.internal.Bundles - 	Entry: C:\Users\Deepak\.p2\pool\plugins\org.apache.commons.cli_1.9.0.jar
2026-07-27 23:46:29,603 [Worker-22: Launching Executing clean in D__seat_booking_app_seat-booking-system] INFO  o.eclipse.m2e.core.internal.Bundles - getClasspathEntries(Bundle=org.apache.commons.commons-codec_1.16.0 [50])
2026-07-27 23:46:29,604 [Worker-22: Launching Executing clean in D__seat_booking_app_seat-booking-system] INFO  o.eclipse.m2e.core.internal.Bundles - 	Entry: C:\Users\Deepak\.p2\pool\plugins\org.apache.commons.commons-codec_1.16.0.jar
2026-07-27 23:46:29,604 [Worker-22: Launching Executing clean in D__seat_booking_app_seat-booking-system] INFO  o.eclipse.m2e.core.internal.Bundles - getClasspathEntries(Bundle=com.google.guava.failureaccess_1.0.3 [14])
2026-07-27 23:46:29,604 [Worker-22: Launching Executing clean in D__seat_booking_app_seat-booking-system] INFO  o.eclipse.m2e.core.internal.Bundles - 	Entry: C:\Users\Deepak\.p2\pool\plugins\com.google.guava.failureaccess_1.0.3.jar
2026-07-27 23:46:29,605 [Worker-22: Launching Executing clean in D__seat_booking_app_seat-booking-system] INFO  o.e.m.i.launch.MavenLaunchDelegate - Run build in "D:\seat_booking_app\seat-booking-system":
2026-07-27 23:46:29,605 [Worker-22: Launching Executing clean in D__seat_booking_app_seat-booking-system] INFO  o.e.m.i.launch.MavenLaunchDelegate -  mvn  -B -Dstyle.color=always clean
2026-07-27 23:46:32,412 [Worker-25: Building] INFO  o.a.m.s.f.DefaultMavenResourcesFiltering - Copying 2 resources from src\main\resources to target\classes
2026-07-27 23:46:32,414 [Worker-25: Building] INFO  o.a.m.s.f.DefaultMavenResourcesFiltering - Copying 0 resource from src\main\resources to target\classes
2026-07-27 23:46:32,417 [Worker-25: Building] INFO  o.a.m.s.f.DefaultMavenResourcesFiltering - Copying 1 resource from src\test\resources to target\test-classes
2026-07-27 23:46:35,806 [Worker-17: Launching Executing install in D__seat_booking_app_seat-booking-system] INFO  o.eclipse.m2e.core.internal.Bundles - getClasspathEntries(Bundle=org.eclipse.m2e.maven.runtime_3.9.900.20250220-2013 [297])
2026-07-27 23:46:35,807 [Worker-17: Launching Executing install in D__seat_booking_app_seat-booking-system] INFO  o.eclipse.m2e.core.internal.Bundles - 	Entry: C:\Users\Deepak\.p2\pool\plugins\org.eclipse.m2e.maven.runtime_3.9.900.20250220-2013
2026-07-27 23:46:35,807 [Worker-17: Launching Executing install in D__seat_booking_app_seat-booking-system] INFO  o.eclipse.m2e.core.internal.Bundles - 	Entry: C:\Users\Deepak\.p2\pool\plugins\org.eclipse.m2e.maven.runtime_3.9.900.20250220-2013\jars\aopalliance-1.0.jar
2026-07-27 23:46:35,808 [Worker-17: Launching Executing install in D__seat_booking_app_seat-booking-system] INFO  o.eclipse.m2e.core.internal.Bundles - 	Entry: C:\Users\Deepak\.p2\pool\plugins\org.eclipse.m2e.maven.runtime_3.9.900.20250220-2013\jars\guice-5.1.0.jar
2026-07-27 23:46:35,808 [Worker-17: Launching Executing install in D__seat_booking_app_seat-booking-system] INFO  o.eclipse.m2e.core.internal.Bundles - 	Entry: C:\Users\Deepak\.p2\pool\plugins\org.eclipse.m2e.maven.runtime_3.9.900.20250220-2013\jars\httpclient-4.5.14.jar
2026-07-27 23:46:35,808 [Worker-17: Launching Executing install in D__seat_booking_app_seat-booking-system] INFO  o.eclipse.m2e.core.internal.Bundles - 	Entry: C:\Users\Deepak\.p2\pool\plugins\org.eclipse.m2e.maven.runtime_3.9.900.20250220-2013\jars\httpcore-4.4.16.jar
2026-07-27 23:46:35,808 [Worker-17: Launching Executing install in D__seat_booking_app_seat-booking-system] INFO  o.eclipse.m2e.core.internal.Bundles - 	Entry: C:\Users\Deepak\.p2\pool\plugins\org.eclipse.m2e.maven.runtime_3.9.900.20250220-2013\jars\jansi-2.4.1.jar
2026-07-27 23:46:35,808 [Worker-17: Launching Executing install in D__seat_booking_app_seat-booking-system] INFO  o.eclipse.m2e.core.internal.Bundles - 	Entry: C:\Users\Deepak\.p2\pool\plugins\org.eclipse.m2e.maven.runtime_3.9.900.20250220-2013\jars\jcl-over-slf4j-1.7.36.jar
2026-07-27 23:46:35,808 [Worker-17: Launching Executing install in D__seat_booking_app_seat-booking-system] INFO  o.eclipse.m2e.core.internal.Bundles - 	Entry: C:\Users\Deepak\.p2\pool\plugins\org.eclipse.m2e.maven.runtime_3.9.900.20250220-2013\jars\maven-artifact-3.9.9.jar
2026-07-27 23:46:35,808 [Worker-17: Launching Executing install in D__seat_booking_app_seat-booking-system] INFO  o.eclipse.m2e.core.internal.Bundles - 	Entry: C:\Users\Deepak\.p2\pool\plugins\org.eclipse.m2e.maven.runtime_3.9.900.20250220-2013\jars\maven-builder-support-3.9.9.jar
2026-07-27 23:46:35,808 [Worker-17: Launching Executing install in D__seat_booking_app_seat-booking-system] INFO  o.eclipse.m2e.core.internal.Bundles - 	Entry: C:\Users\Deepak\.p2\pool\plugins\org.eclipse.m2e.maven.runtime_3.9.900.20250220-2013\jars\maven-compat-3.9.9.jar
2026-07-27 23:46:35,808 [Worker-17: Launching Executing install in D__seat_booking_app_seat-booking-system] INFO  o.eclipse.m2e.core.internal.Bundles - 	Entry: C:\Users\Deepak\.p2\pool\plugins\org.eclipse.m2e.maven.runtime_3.9.900.20250220-2013\jars\maven-core-3.9.9.jar
2026-07-27 23:46:35,809 [Worker-17: Launching Executing install in D__seat_booking_app_seat-booking-system] INFO  o.eclipse.m2e.core.internal.Bundles - 	Entry: C:\Users\Deepak\.p2\pool\plugins\org.eclipse.m2e.maven.runtime_3.9.900.20250220-2013\jars\maven-embedder-3.9.9.jar
2026-07-27 23:46:35,809 [Worker-17: Launching Executing install in D__seat_booking_app_seat-booking-system] INFO  o.eclipse.m2e.core.internal.Bundles - 	Entry: C:\Users\Deepak\.p2\pool\plugins\org.eclipse.m2e.maven.runtime_3.9.900.20250220-2013\jars\maven-model-3.9.9.jar
2026-07-27 23:46:35,809 [Worker-17: Launching Executing install in D__seat_booking_app_seat-booking-system] INFO  o.eclipse.m2e.core.internal.Bundles - 	Entry: C:\Users\Deepak\.p2\pool\plugins\org.eclipse.m2e.maven.runtime_3.9.900.20250220-2013\jars\maven-model-builder-3.9.9.jar
2026-07-27 23:46:35,809 [Worker-17: Launching Executing install in D__seat_booking_app_seat-booking-system] INFO  o.eclipse.m2e.core.internal.Bundles - 	Entry: C:\Users\Deepak\.p2\pool\plugins\org.eclipse.m2e.maven.runtime_3.9.900.20250220-2013\jars\maven-plugin-api-3.9.9.jar
2026-07-27 23:46:35,809 [Worker-17: Launching Executing install in D__seat_booking_app_seat-booking-system] INFO  o.eclipse.m2e.core.internal.Bundles - 	Entry: C:\Users\Deepak\.p2\pool\plugins\org.eclipse.m2e.maven.runtime_3.9.900.20250220-2013\jars\maven-repository-metadata-3.9.9.jar
2026-07-27 23:46:35,809 [Worker-17: Launching Executing install in D__seat_booking_app_seat-booking-system] INFO  o.eclipse.m2e.core.internal.Bundles - 	Entry: C:\Users\Deepak\.p2\pool\plugins\org.eclipse.m2e.maven.runtime_3.9.900.20250220-2013\jars\maven-resolver-api-1.9.22.jar
2026-07-27 23:46:35,809 [Worker-17: Launching Executing install in D__seat_booking_app_seat-booking-system] INFO  o.eclipse.m2e.core.internal.Bundles - 	Entry: C:\Users\Deepak\.p2\pool\plugins\org.eclipse.m2e.maven.runtime_3.9.900.20250220-2013\jars\maven-resolver-connector-basic-1.9.22.jar
2026-07-27 23:46:35,810 [Worker-17: Launching Executing install in D__seat_booking_app_seat-booking-system] INFO  o.eclipse.m2e.core.internal.Bundles - 	Entry: C:\Users\Deepak\.p2\pool\plugins\org.eclipse.m2e.maven.runtime_3.9.900.20250220-2013\jars\maven-resolver-impl-1.9.22.jar
2026-07-27 23:46:35,810 [Worker-17: Launching Executing install in D__seat_booking_app_seat-booking-system] INFO  o.eclipse.m2e.core.internal.Bundles - 	Entry: C:\Users\Deepak\.p2\pool\plugins\org.eclipse.m2e.maven.runtime_3.9.900.20250220-2013\jars\maven-resolver-named-locks-1.9.22.jar
2026-07-27 23:46:35,810 [Worker-17: Launching Executing install in D__seat_booking_app_seat-booking-system] INFO  o.eclipse.m2e.core.internal.Bundles - 	Entry: C:\Users\Deepak\.p2\pool\plugins\org.eclipse.m2e.maven.runtime_3.9.900.20250220-2013\jars\maven-resolver-provider-3.9.9.jar
2026-07-27 23:46:35,810 [Worker-17: Launching Executing install in D__seat_booking_app_seat-booking-system] INFO  o.eclipse.m2e.core.internal.Bundles - 	Entry: C:\Users\Deepak\.p2\pool\plugins\org.eclipse.m2e.maven.runtime_3.9.900.20250220-2013\jars\maven-resolver-spi-1.9.22.jar
2026-07-27 23:46:35,810 [Worker-17: Launching Executing install in D__seat_booking_app_seat-booking-system] INFO  o.eclipse.m2e.core.internal.Bundles - 	Entry: C:\Users\Deepak\.p2\pool\plugins\org.eclipse.m2e.maven.runtime_3.9.900.20250220-2013\jars\maven-resolver-transport-file-1.9.22.jar
2026-07-27 23:46:35,811 [Worker-17: Launching Executing install in D__seat_booking_app_seat-booking-system] INFO  o.eclipse.m2e.core.internal.Bundles - 	Entry: C:\Users\Deepak\.p2\pool\plugins\org.eclipse.m2e.maven.runtime_3.9.900.20250220-2013\jars\maven-resolver-transport-http-1.9.22.jar
2026-07-27 23:46:35,811 [Worker-17: Launching Executing install in D__seat_booking_app_seat-booking-system] INFO  o.eclipse.m2e.core.internal.Bundles - 	Entry: C:\Users\Deepak\.p2\pool\plugins\org.eclipse.m2e.maven.runtime_3.9.900.20250220-2013\jars\maven-resolver-transport-wagon-1.9.22.jar
2026-07-27 23:46:35,811 [Worker-17: Launching Executing install in D__seat_booking_app_seat-booking-system] INFO  o.eclipse.m2e.core.internal.Bundles - 	Entry: C:\Users\Deepak\.p2\pool\plugins\org.eclipse.m2e.maven.runtime_3.9.900.20250220-2013\jars\maven-resolver-util-1.9.22.jar
2026-07-27 23:46:35,811 [Worker-17: Launching Executing install in D__seat_booking_app_seat-booking-system] INFO  o.eclipse.m2e.core.internal.Bundles - 	Entry: C:\Users\Deepak\.p2\pool\plugins\org.eclipse.m2e.maven.runtime_3.9.900.20250220-2013\jars\maven-settings-3.9.9.jar
2026-07-27 23:46:35,812 [Worker-17: Launching Executing install in D__seat_booking_app_seat-booking-system] INFO  o.eclipse.m2e.core.internal.Bundles - 	Entry: C:\Users\Deepak\.p2\pool\plugins\org.eclipse.m2e.maven.runtime_3.9.900.20250220-2013\jars\maven-settings-builder-3.9.9.jar
2026-07-27 23:46:35,812 [Worker-17: Launching Executing install in D__seat_booking_app_seat-booking-system] INFO  o.eclipse.m2e.core.internal.Bundles - 	Entry: C:\Users\Deepak\.p2\pool\plugins\org.eclipse.m2e.maven.runtime_3.9.900.20250220-2013\jars\maven-shared-utils-3.4.2.jar
2026-07-27 23:46:35,812 [Worker-17: Launching Executing install in D__seat_booking_app_seat-booking-system] INFO  o.eclipse.m2e.core.internal.Bundles - 	Entry: C:\Users\Deepak\.p2\pool\plugins\org.eclipse.m2e.maven.runtime_3.9.900.20250220-2013\jars\org.eclipse.sisu.inject-0.9.0.M3.jar
2026-07-27 23:46:35,812 [Worker-17: Launching Executing install in D__seat_booking_app_seat-booking-system] INFO  o.eclipse.m2e.core.internal.Bundles - 	Entry: C:\Users\Deepak\.p2\pool\plugins\org.eclipse.m2e.maven.runtime_3.9.900.20250220-2013\jars\org.eclipse.sisu.plexus-0.9.0.M3.jar
2026-07-27 23:46:35,812 [Worker-17: Launching Executing install in D__seat_booking_app_seat-booking-system] INFO  o.eclipse.m2e.core.internal.Bundles - 	Entry: C:\Users\Deepak\.p2\pool\plugins\org.eclipse.m2e.maven.runtime_3.9.900.20250220-2013\jars\plexus-build-api-0.0.7.jar
2026-07-27 23:46:35,812 [Worker-17: Launching Executing install in D__seat_booking_app_seat-booking-system] INFO  o.eclipse.m2e.core.internal.Bundles - 	Entry: C:\Users\Deepak\.p2\pool\plugins\org.eclipse.m2e.maven.runtime_3.9.900.20250220-2013\jars\plexus-build-api-1.2.0.jar
2026-07-27 23:46:35,813 [Worker-17: Launching Executing install in D__seat_booking_app_seat-booking-system] INFO  o.eclipse.m2e.core.internal.Bundles - 	Entry: C:\Users\Deepak\.p2\pool\plugins\org.eclipse.m2e.maven.runtime_3.9.900.20250220-2013\jars\plexus-cipher-2.0.jar
2026-07-27 23:46:35,813 [Worker-17: Launching Executing install in D__seat_booking_app_seat-booking-system] INFO  o.eclipse.m2e.core.internal.Bundles - 	Entry: C:\Users\Deepak\.p2\pool\plugins\org.eclipse.m2e.maven.runtime_3.9.900.20250220-2013\jars\plexus-classworlds-2.8.0.jar
2026-07-27 23:46:35,813 [Worker-17: Launching Executing install in D__seat_booking_app_seat-booking-system] INFO  o.eclipse.m2e.core.internal.Bundles - 	Entry: C:\Users\Deepak\.p2\pool\plugins\org.eclipse.m2e.maven.runtime_3.9.900.20250220-2013\jars\plexus-component-annotations-2.1.0.jar
2026-07-27 23:46:35,813 [Worker-17: Launching Executing install in D__seat_booking_app_seat-booking-system] INFO  o.eclipse.m2e.core.internal.Bundles - 	Entry: C:\Users\Deepak\.p2\pool\plugins\org.eclipse.m2e.maven.runtime_3.9.900.20250220-2013\jars\plexus-interpolation-1.27.jar
2026-07-27 23:46:35,813 [Worker-17: Launching Executing install in D__seat_booking_app_seat-booking-system] INFO  o.eclipse.m2e.core.internal.Bundles - 	Entry: C:\Users\Deepak\.p2\pool\plugins\org.eclipse.m2e.maven.runtime_3.9.900.20250220-2013\jars\plexus-sec-dispatcher-2.0.jar
2026-07-27 23:46:35,814 [Worker-17: Launching Executing install in D__seat_booking_app_seat-booking-system] INFO  o.eclipse.m2e.core.internal.Bundles - 	Entry: C:\Users\Deepak\.p2\pool\plugins\org.eclipse.m2e.maven.runtime_3.9.900.20250220-2013\jars\plexus-utils-3.5.1.jar
2026-07-27 23:46:35,814 [Worker-17: Launching Executing install in D__seat_booking_app_seat-booking-system] INFO  o.eclipse.m2e.core.internal.Bundles - 	Entry: C:\Users\Deepak\.p2\pool\plugins\org.eclipse.m2e.maven.runtime_3.9.900.20250220-2013\jars\plexus-xml-3.0.1.jar
2026-07-27 23:46:35,814 [Worker-17: Launching Executing install in D__seat_booking_app_seat-booking-system] INFO  o.eclipse.m2e.core.internal.Bundles - 	Entry: C:\Users\Deepak\.p2\pool\plugins\org.eclipse.m2e.maven.runtime_3.9.900.20250220-2013\jars\wagon-file-3.5.3.jar
2026-07-27 23:46:35,814 [Worker-17: Launching Executing install in D__seat_booking_app_seat-booking-system] INFO  o.eclipse.m2e.core.internal.Bundles - 	Entry: C:\Users\Deepak\.p2\pool\plugins\org.eclipse.m2e.maven.runtime_3.9.900.20250220-2013\jars\wagon-http-3.5.3.jar
2026-07-27 23:46:35,814 [Worker-17: Launching Executing install in D__seat_booking_app_seat-booking-system] INFO  o.eclipse.m2e.core.internal.Bundles - 	Entry: C:\Users\Deepak\.p2\pool\plugins\org.eclipse.m2e.maven.runtime_3.9.900.20250220-2013\jars\wagon-http-shared-3.5.3.jar
2026-07-27 23:46:35,814 [Worker-17: Launching Executing install in D__seat_booking_app_seat-booking-system] INFO  o.eclipse.m2e.core.internal.Bundles - 	Entry: C:\Users\Deepak\.p2\pool\plugins\org.eclipse.m2e.maven.runtime_3.9.900.20250220-2013\jars\wagon-provider-api-3.5.3.jar
2026-07-27 23:46:35,816 [Worker-17: Launching Executing install in D__seat_booking_app_seat-booking-system] INFO  o.eclipse.m2e.core.internal.Bundles - getClasspathEntries(Bundle=com.google.guava_33.4.8.jre [13])
2026-07-27 23:46:35,817 [Worker-17: Launching Executing install in D__seat_booking_app_seat-booking-system] INFO  o.eclipse.m2e.core.internal.Bundles - 	Entry: C:\Users\Deepak\.p2\pool\plugins\com.google.guava_33.4.8.jre.jar
2026-07-27 23:46:35,817 [Worker-17: Launching Executing install in D__seat_booking_app_seat-booking-system] INFO  o.eclipse.m2e.core.internal.Bundles - getClasspathEntries(Bundle=slf4j.api_2.0.17 [520])
2026-07-27 23:46:35,818 [Worker-17: Launching Executing install in D__seat_booking_app_seat-booking-system] INFO  o.eclipse.m2e.core.internal.Bundles - 	Entry: C:\Users\Deepak\.p2\pool\plugins\slf4j.api_2.0.17.jar
2026-07-27 23:46:35,818 [Worker-17: Launching Executing install in D__seat_booking_app_seat-booking-system] INFO  o.eclipse.m2e.core.internal.Bundles - getClasspathEntries(Bundle=jakarta.inject.jakarta.inject-api_1.0.5 [24])
2026-07-27 23:46:35,819 [Worker-17: Launching Executing install in D__seat_booking_app_seat-booking-system] INFO  o.eclipse.m2e.core.internal.Bundles - 	Entry: C:\Users\Deepak\.p2\pool\plugins\jakarta.inject.jakarta.inject-api_1.0.5.jar
2026-07-27 23:46:35,819 [Worker-17: Launching Executing install in D__seat_booking_app_seat-booking-system] INFO  o.eclipse.m2e.core.internal.Bundles - getClasspathEntries(Bundle=javax.annotation_1.3.5.v20200909-1856 [27])
2026-07-27 23:46:35,820 [Worker-17: Launching Executing install in D__seat_booking_app_seat-booking-system] INFO  o.eclipse.m2e.core.internal.Bundles - 	Entry: C:\Users\Deepak\.p2\pool\plugins\javax.annotation_1.3.5.v20200909-1856.jar
2026-07-27 23:46:35,821 [Worker-17: Launching Executing install in D__seat_booking_app_seat-booking-system] INFO  o.eclipse.m2e.core.internal.Bundles - getClasspathEntries(Bundle=org.apache.commons.cli_1.9.0 [49])
2026-07-27 23:46:35,821 [Worker-17: Launching Executing install in D__seat_booking_app_seat-booking-system] INFO  o.eclipse.m2e.core.internal.Bundles - 	Entry: C:\Users\Deepak\.p2\pool\plugins\org.apache.commons.cli_1.9.0.jar
2026-07-27 23:46:35,822 [Worker-17: Launching Executing install in D__seat_booking_app_seat-booking-system] INFO  o.eclipse.m2e.core.internal.Bundles - getClasspathEntries(Bundle=org.apache.commons.commons-codec_1.16.0 [50])
2026-07-27 23:46:35,822 [Worker-17: Launching Executing install in D__seat_booking_app_seat-booking-system] INFO  o.eclipse.m2e.core.internal.Bundles - 	Entry: C:\Users\Deepak\.p2\pool\plugins\org.apache.commons.commons-codec_1.16.0.jar
2026-07-27 23:46:35,822 [Worker-17: Launching Executing install in D__seat_booking_app_seat-booking-system] INFO  o.eclipse.m2e.core.internal.Bundles - getClasspathEntries(Bundle=com.google.guava.failureaccess_1.0.3 [14])
2026-07-27 23:46:35,823 [Worker-17: Launching Executing install in D__seat_booking_app_seat-booking-system] INFO  o.eclipse.m2e.core.internal.Bundles - 	Entry: C:\Users\Deepak\.p2\pool\plugins\com.google.guava.failureaccess_1.0.3.jar
2026-07-27 23:46:35,825 [Worker-17: Launching Executing install in D__seat_booking_app_seat-booking-system] INFO  o.e.m.i.launch.MavenLaunchDelegate - Run build in "D:\seat_booking_app\seat-booking-system":
2026-07-27 23:46:35,825 [Worker-17: Launching Executing install in D__seat_booking_app_seat-booking-system] INFO  o.e.m.i.launch.MavenLaunchDelegate -  mvn  -B -Dstyle.color=always install
2026-07-27 23:50:55,991 [Worker-22: Launching Executing clean in D__seat_booking_app_seat-booking-system] INFO  o.eclipse.m2e.core.internal.Bundles - getClasspathEntries(Bundle=org.eclipse.m2e.maven.runtime_3.9.900.20250220-2013 [297])
2026-07-27 23:50:55,992 [Worker-22: Launching Executing clean in D__seat_booking_app_seat-booking-system] INFO  o.eclipse.m2e.core.internal.Bundles - 	Entry: C:\Users\Deepak\.p2\pool\plugins\org.eclipse.m2e.maven.runtime_3.9.900.20250220-2013
2026-07-27 23:50:55,992 [Worker-22: Launching Executing clean in D__seat_booking_app_seat-booking-system] INFO  o.eclipse.m2e.core.internal.Bundles - 	Entry: C:\Users\Deepak\.p2\pool\plugins\org.eclipse.m2e.maven.runtime_3.9.900.20250220-2013\jars\aopalliance-1.0.jar
2026-07-27 23:50:55,993 [Worker-22: Launching Executing clean in D__seat_booking_app_seat-booking-system] INFO  o.eclipse.m2e.core.internal.Bundles - 	Entry: C:\Users\Deepak\.p2\pool\plugins\org.eclipse.m2e.maven.runtime_3.9.900.20250220-2013\jars\guice-5.1.0.jar
2026-07-27 23:50:55,993 [Worker-22: Launching Executing clean in D__seat_booking_app_seat-booking-system] INFO  o.eclipse.m2e.core.internal.Bundles - 	Entry: C:\Users\Deepak\.p2\pool\plugins\org.eclipse.m2e.maven.runtime_3.9.900.20250220-2013\jars\httpclient-4.5.14.jar
2026-07-27 23:50:55,993 [Worker-22: Launching Executing clean in D__seat_booking_app_seat-booking-system] INFO  o.eclipse.m2e.core.internal.Bundles - 	Entry: C:\Users\Deepak\.p2\pool\plugins\org.eclipse.m2e.maven.runtime_3.9.900.20250220-2013\jars\httpcore-4.4.16.jar
2026-07-27 23:50:55,993 [Worker-22: Launching Executing clean in D__seat_booking_app_seat-booking-system] INFO  o.eclipse.m2e.core.internal.Bundles - 	Entry: C:\Users\Deepak\.p2\pool\plugins\org.eclipse.m2e.maven.runtime_3.9.900.20250220-2013\jars\jansi-2.4.1.jar
2026-07-27 23:50:55,993 [Worker-22: Launching Executing clean in D__seat_booking_app_seat-booking-system] INFO  o.eclipse.m2e.core.internal.Bundles - 	Entry: C:\Users\Deepak\.p2\pool\plugins\org.eclipse.m2e.maven.runtime_3.9.900.20250220-2013\jars\jcl-over-slf4j-1.7.36.jar
2026-07-27 23:50:55,993 [Worker-22: Launching Executing clean in D__seat_booking_app_seat-booking-system] INFO  o.eclipse.m2e.core.internal.Bundles - 	Entry: C:\Users\Deepak\.p2\pool\plugins\org.eclipse.m2e.maven.runtime_3.9.900.20250220-2013\jars\maven-artifact-3.9.9.jar
2026-07-27 23:50:55,993 [Worker-22: Launching Executing clean in D__seat_booking_app_seat-booking-system] INFO  o.eclipse.m2e.core.internal.Bundles - 	Entry: C:\Users\Deepak\.p2\pool\plugins\org.eclipse.m2e.maven.runtime_3.9.900.20250220-2013\jars\maven-builder-support-3.9.9.jar
2026-07-27 23:50:55,994 [Worker-22: Launching Executing clean in D__seat_booking_app_seat-booking-system] INFO  o.eclipse.m2e.core.internal.Bundles - 	Entry: C:\Users\Deepak\.p2\pool\plugins\org.eclipse.m2e.maven.runtime_3.9.900.20250220-2013\jars\maven-compat-3.9.9.jar
2026-07-27 23:50:55,994 [Worker-22: Launching Executing clean in D__seat_booking_app_seat-booking-system] INFO  o.eclipse.m2e.core.internal.Bundles - 	Entry: C:\Users\Deepak\.p2\pool\plugins\org.eclipse.m2e.maven.runtime_3.9.900.20250220-2013\jars\maven-core-3.9.9.jar
2026-07-27 23:50:55,994 [Worker-22: Launching Executing clean in D__seat_booking_app_seat-booking-system] INFO  o.eclipse.m2e.core.internal.Bundles - 	Entry: C:\Users\Deepak\.p2\pool\plugins\org.eclipse.m2e.maven.runtime_3.9.900.20250220-2013\jars\maven-embedder-3.9.9.jar
2026-07-27 23:50:55,994 [Worker-22: Launching Executing clean in D__seat_booking_app_seat-booking-system] INFO  o.eclipse.m2e.core.internal.Bundles - 	Entry: C:\Users\Deepak\.p2\pool\plugins\org.eclipse.m2e.maven.runtime_3.9.900.20250220-2013\jars\maven-model-3.9.9.jar
2026-07-27 23:50:55,994 [Worker-22: Launching Executing clean in D__seat_booking_app_seat-booking-system] INFO  o.eclipse.m2e.core.internal.Bundles - 	Entry: C:\Users\Deepak\.p2\pool\plugins\org.eclipse.m2e.maven.runtime_3.9.900.20250220-2013\jars\maven-model-builder-3.9.9.jar
2026-07-27 23:50:55,994 [Worker-22: Launching Executing clean in D__seat_booking_app_seat-booking-system] INFO  o.eclipse.m2e.core.internal.Bundles - 	Entry: C:\Users\Deepak\.p2\pool\plugins\org.eclipse.m2e.maven.runtime_3.9.900.20250220-2013\jars\maven-plugin-api-3.9.9.jar
2026-07-27 23:50:55,995 [Worker-22: Launching Executing clean in D__seat_booking_app_seat-booking-system] INFO  o.eclipse.m2e.core.internal.Bundles - 	Entry: C:\Users\Deepak\.p2\pool\plugins\org.eclipse.m2e.maven.runtime_3.9.900.20250220-2013\jars\maven-repository-metadata-3.9.9.jar
2026-07-27 23:50:55,995 [Worker-22: Launching Executing clean in D__seat_booking_app_seat-booking-system] INFO  o.eclipse.m2e.core.internal.Bundles - 	Entry: C:\Users\Deepak\.p2\pool\plugins\org.eclipse.m2e.maven.runtime_3.9.900.20250220-2013\jars\maven-resolver-api-1.9.22.jar
2026-07-27 23:50:55,995 [Worker-22: Launching Executing clean in D__seat_booking_app_seat-booking-system] INFO  o.eclipse.m2e.core.internal.Bundles - 	Entry: C:\Users\Deepak\.p2\pool\plugins\org.eclipse.m2e.maven.runtime_3.9.900.20250220-2013\jars\maven-resolver-connector-basic-1.9.22.jar
2026-07-27 23:50:55,995 [Worker-22: Launching Executing clean in D__seat_booking_app_seat-booking-system] INFO  o.eclipse.m2e.core.internal.Bundles - 	Entry: C:\Users\Deepak\.p2\pool\plugins\org.eclipse.m2e.maven.runtime_3.9.900.20250220-2013\jars\maven-resolver-impl-1.9.22.jar
2026-07-27 23:50:55,995 [Worker-22: Launching Executing clean in D__seat_booking_app_seat-booking-system] INFO  o.eclipse.m2e.core.internal.Bundles - 	Entry: C:\Users\Deepak\.p2\pool\plugins\org.eclipse.m2e.maven.runtime_3.9.900.20250220-2013\jars\maven-resolver-named-locks-1.9.22.jar
2026-07-27 23:50:55,995 [Worker-22: Launching Executing clean in D__seat_booking_app_seat-booking-system] INFO  o.eclipse.m2e.core.internal.Bundles - 	Entry: C:\Users\Deepak\.p2\pool\plugins\org.eclipse.m2e.maven.runtime_3.9.900.20250220-2013\jars\maven-resolver-provider-3.9.9.jar
2026-07-27 23:50:55,995 [Worker-22: Launching Executing clean in D__seat_booking_app_seat-booking-system] INFO  o.eclipse.m2e.core.internal.Bundles - 	Entry: C:\Users\Deepak\.p2\pool\plugins\org.eclipse.m2e.maven.runtime_3.9.900.20250220-2013\jars\maven-resolver-spi-1.9.22.jar
2026-07-27 23:50:55,996 [Worker-22: Launching Executing clean in D__seat_booking_app_seat-booking-system] INFO  o.eclipse.m2e.core.internal.Bundles - 	Entry: C:\Users\Deepak\.p2\pool\plugins\org.eclipse.m2e.maven.runtime_3.9.900.20250220-2013\jars\maven-resolver-transport-file-1.9.22.jar
2026-07-27 23:50:55,996 [Worker-22: Launching Executing clean in D__seat_booking_app_seat-booking-system] INFO  o.eclipse.m2e.core.internal.Bundles - 	Entry: C:\Users\Deepak\.p2\pool\plugins\org.eclipse.m2e.maven.runtime_3.9.900.20250220-2013\jars\maven-resolver-transport-http-1.9.22.jar
2026-07-27 23:50:55,996 [Worker-22: Launching Executing clean in D__seat_booking_app_seat-booking-system] INFO  o.eclipse.m2e.core.internal.Bundles - 	Entry: C:\Users\Deepak\.p2\pool\plugins\org.eclipse.m2e.maven.runtime_3.9.900.20250220-2013\jars\maven-resolver-transport-wagon-1.9.22.jar
2026-07-27 23:50:55,996 [Worker-22: Launching Executing clean in D__seat_booking_app_seat-booking-system] INFO  o.eclipse.m2e.core.internal.Bundles - 	Entry: C:\Users\Deepak\.p2\pool\plugins\org.eclipse.m2e.maven.runtime_3.9.900.20250220-2013\jars\maven-resolver-util-1.9.22.jar
2026-07-27 23:50:55,996 [Worker-22: Launching Executing clean in D__seat_booking_app_seat-booking-system] INFO  o.eclipse.m2e.core.internal.Bundles - 	Entry: C:\Users\Deepak\.p2\pool\plugins\org.eclipse.m2e.maven.runtime_3.9.900.20250220-2013\jars\maven-settings-3.9.9.jar
2026-07-27 23:50:55,996 [Worker-22: Launching Executing clean in D__seat_booking_app_seat-booking-system] INFO  o.eclipse.m2e.core.internal.Bundles - 	Entry: C:\Users\Deepak\.p2\pool\plugins\org.eclipse.m2e.maven.runtime_3.9.900.20250220-2013\jars\maven-settings-builder-3.9.9.jar
2026-07-27 23:50:55,996 [Worker-22: Launching Executing clean in D__seat_booking_app_seat-booking-system] INFO  o.eclipse.m2e.core.internal.Bundles - 	Entry: C:\Users\Deepak\.p2\pool\plugins\org.eclipse.m2e.maven.runtime_3.9.900.20250220-2013\jars\maven-shared-utils-3.4.2.jar
2026-07-27 23:50:55,997 [Worker-22: Launching Executing clean in D__seat_booking_app_seat-booking-system] INFO  o.eclipse.m2e.core.internal.Bundles - 	Entry: C:\Users\Deepak\.p2\pool\plugins\org.eclipse.m2e.maven.runtime_3.9.900.20250220-2013\jars\org.eclipse.sisu.inject-0.9.0.M3.jar
2026-07-27 23:50:55,997 [Worker-22: Launching Executing clean in D__seat_booking_app_seat-booking-system] INFO  o.eclipse.m2e.core.internal.Bundles - 	Entry: C:\Users\Deepak\.p2\pool\plugins\org.eclipse.m2e.maven.runtime_3.9.900.20250220-2013\jars\org.eclipse.sisu.plexus-0.9.0.M3.jar
2026-07-27 23:50:55,997 [Worker-22: Launching Executing clean in D__seat_booking_app_seat-booking-system] INFO  o.eclipse.m2e.core.internal.Bundles - 	Entry: C:\Users\Deepak\.p2\pool\plugins\org.eclipse.m2e.maven.runtime_3.9.900.20250220-2013\jars\plexus-build-api-0.0.7.jar
2026-07-27 23:50:55,997 [Worker-22: Launching Executing clean in D__seat_booking_app_seat-booking-system] INFO  o.eclipse.m2e.core.internal.Bundles - 	Entry: C:\Users\Deepak\.p2\pool\plugins\org.eclipse.m2e.maven.runtime_3.9.900.20250220-2013\jars\plexus-build-api-1.2.0.jar
2026-07-27 23:50:55,997 [Worker-22: Launching Executing clean in D__seat_booking_app_seat-booking-system] INFO  o.eclipse.m2e.core.internal.Bundles - 	Entry: C:\Users\Deepak\.p2\pool\plugins\org.eclipse.m2e.maven.runtime_3.9.900.20250220-2013\jars\plexus-cipher-2.0.jar
2026-07-27 23:50:55,999 [Worker-22: Launching Executing clean in D__seat_booking_app_seat-booking-system] INFO  o.eclipse.m2e.core.internal.Bundles - 	Entry: C:\Users\Deepak\.p2\pool\plugins\org.eclipse.m2e.maven.runtime_3.9.900.20250220-2013\jars\plexus-classworlds-2.8.0.jar
2026-07-27 23:50:55,999 [Worker-22: Launching Executing clean in D__seat_booking_app_seat-booking-system] INFO  o.eclipse.m2e.core.internal.Bundles - 	Entry: C:\Users\Deepak\.p2\pool\plugins\org.eclipse.m2e.maven.runtime_3.9.900.20250220-2013\jars\plexus-component-annotations-2.1.0.jar
2026-07-27 23:50:55,999 [Worker-22: Launching Executing clean in D__seat_booking_app_seat-booking-system] INFO  o.eclipse.m2e.core.internal.Bundles - 	Entry: C:\Users\Deepak\.p2\pool\plugins\org.eclipse.m2e.maven.runtime_3.9.900.20250220-2013\jars\plexus-interpolation-1.27.jar
2026-07-27 23:50:56,000 [Worker-22: Launching Executing clean in D__seat_booking_app_seat-booking-system] INFO  o.eclipse.m2e.core.internal.Bundles - 	Entry: C:\Users\Deepak\.p2\pool\plugins\org.eclipse.m2e.maven.runtime_3.9.900.20250220-2013\jars\plexus-sec-dispatcher-2.0.jar
2026-07-27 23:50:56,000 [Worker-22: Launching Executing clean in D__seat_booking_app_seat-booking-system] INFO  o.eclipse.m2e.core.internal.Bundles - 	Entry: C:\Users\Deepak\.p2\pool\plugins\org.eclipse.m2e.maven.runtime_3.9.900.20250220-2013\jars\plexus-utils-3.5.1.jar
2026-07-27 23:50:56,000 [Worker-22: Launching Executing clean in D__seat_booking_app_seat-booking-system] INFO  o.eclipse.m2e.core.internal.Bundles - 	Entry: C:\Users\Deepak\.p2\pool\plugins\org.eclipse.m2e.maven.runtime_3.9.900.20250220-2013\jars\plexus-xml-3.0.1.jar
2026-07-27 23:50:56,001 [Worker-22: Launching Executing clean in D__seat_booking_app_seat-booking-system] INFO  o.eclipse.m2e.core.internal.Bundles - 	Entry: C:\Users\Deepak\.p2\pool\plugins\org.eclipse.m2e.maven.runtime_3.9.900.20250220-2013\jars\wagon-file-3.5.3.jar
2026-07-27 23:50:56,001 [Worker-22: Launching Executing clean in D__seat_booking_app_seat-booking-system] INFO  o.eclipse.m2e.core.internal.Bundles - 	Entry: C:\Users\Deepak\.p2\pool\plugins\org.eclipse.m2e.maven.runtime_3.9.900.20250220-2013\jars\wagon-http-3.5.3.jar
2026-07-27 23:50:56,001 [Worker-22: Launching Executing clean in D__seat_booking_app_seat-booking-system] INFO  o.eclipse.m2e.core.internal.Bundles - 	Entry: C:\Users\Deepak\.p2\pool\plugins\org.eclipse.m2e.maven.runtime_3.9.900.20250220-2013\jars\wagon-http-shared-3.5.3.jar
2026-07-27 23:50:56,002 [Worker-22: Launching Executing clean in D__seat_booking_app_seat-booking-system] INFO  o.eclipse.m2e.core.internal.Bundles - 	Entry: C:\Users\Deepak\.p2\pool\plugins\org.eclipse.m2e.maven.runtime_3.9.900.20250220-2013\jars\wagon-provider-api-3.5.3.jar
2026-07-27 23:50:56,002 [Worker-22: Launching Executing clean in D__seat_booking_app_seat-booking-system] INFO  o.eclipse.m2e.core.internal.Bundles - getClasspathEntries(Bundle=com.google.guava_33.4.8.jre [13])
2026-07-27 23:50:56,003 [Worker-22: Launching Executing clean in D__seat_booking_app_seat-booking-system] INFO  o.eclipse.m2e.core.internal.Bundles - 	Entry: C:\Users\Deepak\.p2\pool\plugins\com.google.guava_33.4.8.jre.jar
2026-07-27 23:50:56,003 [Worker-22: Launching Executing clean in D__seat_booking_app_seat-booking-system] INFO  o.eclipse.m2e.core.internal.Bundles - getClasspathEntries(Bundle=slf4j.api_2.0.17 [520])
2026-07-27 23:50:56,004 [Worker-22: Launching Executing clean in D__seat_booking_app_seat-booking-system] INFO  o.eclipse.m2e.core.internal.Bundles - 	Entry: C:\Users\Deepak\.p2\pool\plugins\slf4j.api_2.0.17.jar
2026-07-27 23:50:56,004 [Worker-22: Launching Executing clean in D__seat_booking_app_seat-booking-system] INFO  o.eclipse.m2e.core.internal.Bundles - getClasspathEntries(Bundle=jakarta.inject.jakarta.inject-api_1.0.5 [24])
2026-07-27 23:50:56,004 [Worker-22: Launching Executing clean in D__seat_booking_app_seat-booking-system] INFO  o.eclipse.m2e.core.internal.Bundles - 	Entry: C:\Users\Deepak\.p2\pool\plugins\jakarta.inject.jakarta.inject-api_1.0.5.jar
2026-07-27 23:50:56,004 [Worker-22: Launching Executing clean in D__seat_booking_app_seat-booking-system] INFO  o.eclipse.m2e.core.internal.Bundles - getClasspathEntries(Bundle=javax.annotation_1.3.5.v20200909-1856 [27])
2026-07-27 23:50:56,004 [Worker-22: Launching Executing clean in D__seat_booking_app_seat-booking-system] INFO  o.eclipse.m2e.core.internal.Bundles - 	Entry: C:\Users\Deepak\.p2\pool\plugins\javax.annotation_1.3.5.v20200909-1856.jar
2026-07-27 23:50:56,004 [Worker-22: Launching Executing clean in D__seat_booking_app_seat-booking-system] INFO  o.eclipse.m2e.core.internal.Bundles - getClasspathEntries(Bundle=org.apache.commons.cli_1.9.0 [49])
2026-07-27 23:50:56,005 [Worker-22: Launching Executing clean in D__seat_booking_app_seat-booking-system] INFO  o.eclipse.m2e.core.internal.Bundles - 	Entry: C:\Users\Deepak\.p2\pool\plugins\org.apache.commons.cli_1.9.0.jar
2026-07-27 23:50:56,005 [Worker-22: Launching Executing clean in D__seat_booking_app_seat-booking-system] INFO  o.eclipse.m2e.core.internal.Bundles - getClasspathEntries(Bundle=org.apache.commons.commons-codec_1.16.0 [50])
2026-07-27 23:50:56,005 [Worker-22: Launching Executing clean in D__seat_booking_app_seat-booking-system] INFO  o.eclipse.m2e.core.internal.Bundles - 	Entry: C:\Users\Deepak\.p2\pool\plugins\org.apache.commons.commons-codec_1.16.0.jar
2026-07-27 23:50:56,005 [Worker-22: Launching Executing clean in D__seat_booking_app_seat-booking-system] INFO  o.eclipse.m2e.core.internal.Bundles - getClasspathEntries(Bundle=com.google.guava.failureaccess_1.0.3 [14])
2026-07-27 23:50:56,005 [Worker-22: Launching Executing clean in D__seat_booking_app_seat-booking-system] INFO  o.eclipse.m2e.core.internal.Bundles - 	Entry: C:\Users\Deepak\.p2\pool\plugins\com.google.guava.failureaccess_1.0.3.jar
2026-07-27 23:50:56,006 [Worker-22: Launching Executing clean in D__seat_booking_app_seat-booking-system] INFO  o.e.m.i.launch.MavenLaunchDelegate - Run build in "D:\seat_booking_app\seat-booking-system":
2026-07-27 23:50:56,006 [Worker-22: Launching Executing clean in D__seat_booking_app_seat-booking-system] INFO  o.e.m.i.launch.MavenLaunchDelegate -  mvn  -B -Dstyle.color=always clean
2026-07-27 23:50:58,673 [Worker-29: Building] INFO  o.a.m.s.f.DefaultMavenResourcesFiltering - Copying 2 resources from src\main\resources to target\classes
2026-07-27 23:50:58,676 [Worker-29: Building] INFO  o.a.m.s.f.DefaultMavenResourcesFiltering - Copying 0 resource from src\main\resources to target\classes
2026-07-27 23:50:58,678 [Worker-29: Building] INFO  o.a.m.s.f.DefaultMavenResourcesFiltering - Copying 1 resource from src\test\resources to target\test-classes
2026-07-27 23:51:02,749 [Worker-29: Launching Executing install in D__seat_booking_app_seat-booking-system] INFO  o.eclipse.m2e.core.internal.Bundles - getClasspathEntries(Bundle=org.eclipse.m2e.maven.runtime_3.9.900.20250220-2013 [297])
2026-07-27 23:51:02,750 [Worker-29: Launching Executing install in D__seat_booking_app_seat-booking-system] INFO  o.eclipse.m2e.core.internal.Bundles - 	Entry: C:\Users\Deepak\.p2\pool\plugins\org.eclipse.m2e.maven.runtime_3.9.900.20250220-2013
2026-07-27 23:51:02,751 [Worker-29: Launching Executing install in D__seat_booking_app_seat-booking-system] INFO  o.eclipse.m2e.core.internal.Bundles - 	Entry: C:\Users\Deepak\.p2\pool\plugins\org.eclipse.m2e.maven.runtime_3.9.900.20250220-2013\jars\aopalliance-1.0.jar
2026-07-27 23:51:02,751 [Worker-29: Launching Executing install in D__seat_booking_app_seat-booking-system] INFO  o.eclipse.m2e.core.internal.Bundles - 	Entry: C:\Users\Deepak\.p2\pool\plugins\org.eclipse.m2e.maven.runtime_3.9.900.20250220-2013\jars\guice-5.1.0.jar
2026-07-27 23:51:02,751 [Worker-29: Launching Executing install in D__seat_booking_app_seat-booking-system] INFO  o.eclipse.m2e.core.internal.Bundles - 	Entry: C:\Users\Deepak\.p2\pool\plugins\org.eclipse.m2e.maven.runtime_3.9.900.20250220-2013\jars\httpclient-4.5.14.jar
2026-07-27 23:51:02,751 [Worker-29: Launching Executing install in D__seat_booking_app_seat-booking-system] INFO  o.eclipse.m2e.core.internal.Bundles - 	Entry: C:\Users\Deepak\.p2\pool\plugins\org.eclipse.m2e.maven.runtime_3.9.900.20250220-2013\jars\httpcore-4.4.16.jar
2026-07-27 23:51:02,752 [Worker-29: Launching Executing install in D__seat_booking_app_seat-booking-system] INFO  o.eclipse.m2e.core.internal.Bundles - 	Entry: C:\Users\Deepak\.p2\pool\plugins\org.eclipse.m2e.maven.runtime_3.9.900.20250220-2013\jars\jansi-2.4.1.jar
2026-07-27 23:51:02,752 [Worker-29: Launching Executing install in D__seat_booking_app_seat-booking-system] INFO  o.eclipse.m2e.core.internal.Bundles - 	Entry: C:\Users\Deepak\.p2\pool\plugins\org.eclipse.m2e.maven.runtime_3.9.900.20250220-2013\jars\jcl-over-slf4j-1.7.36.jar
2026-07-27 23:51:02,752 [Worker-29: Launching Executing install in D__seat_booking_app_seat-booking-system] INFO  o.eclipse.m2e.core.internal.Bundles - 	Entry: C:\Users\Deepak\.p2\pool\plugins\org.eclipse.m2e.maven.runtime_3.9.900.20250220-2013\jars\maven-artifact-3.9.9.jar
2026-07-27 23:51:02,752 [Worker-29: Launching Executing install in D__seat_booking_app_seat-booking-system] INFO  o.eclipse.m2e.core.internal.Bundles - 	Entry: C:\Users\Deepak\.p2\pool\plugins\org.eclipse.m2e.maven.runtime_3.9.900.20250220-2013\jars\maven-builder-support-3.9.9.jar
2026-07-27 23:51:02,753 [Worker-29: Launching Executing install in D__seat_booking_app_seat-booking-system] INFO  o.eclipse.m2e.core.internal.Bundles - 	Entry: C:\Users\Deepak\.p2\pool\plugins\org.eclipse.m2e.maven.runtime_3.9.900.20250220-2013\jars\maven-compat-3.9.9.jar
2026-07-27 23:51:02,753 [Worker-29: Launching Executing install in D__seat_booking_app_seat-booking-system] INFO  o.eclipse.m2e.core.internal.Bundles - 	Entry: C:\Users\Deepak\.p2\pool\plugins\org.eclipse.m2e.maven.runtime_3.9.900.20250220-2013\jars\maven-core-3.9.9.jar
2026-07-27 23:51:02,753 [Worker-29: Launching Executing install in D__seat_booking_app_seat-booking-system] INFO  o.eclipse.m2e.core.internal.Bundles - 	Entry: C:\Users\Deepak\.p2\pool\plugins\org.eclipse.m2e.maven.runtime_3.9.900.20250220-2013\jars\maven-embedder-3.9.9.jar
2026-07-27 23:51:02,753 [Worker-29: Launching Executing install in D__seat_booking_app_seat-booking-system] INFO  o.eclipse.m2e.core.internal.Bundles - 	Entry: C:\Users\Deepak\.p2\pool\plugins\org.eclipse.m2e.maven.runtime_3.9.900.20250220-2013\jars\maven-model-3.9.9.jar
2026-07-27 23:51:02,754 [Worker-29: Launching Executing install in D__seat_booking_app_seat-booking-system] INFO  o.eclipse.m2e.core.internal.Bundles - 	Entry: C:\Users\Deepak\.p2\pool\plugins\org.eclipse.m2e.maven.runtime_3.9.900.20250220-2013\jars\maven-model-builder-3.9.9.jar
2026-07-27 23:51:02,754 [Worker-29: Launching Executing install in D__seat_booking_app_seat-booking-system] INFO  o.eclipse.m2e.core.internal.Bundles - 	Entry: C:\Users\Deepak\.p2\pool\plugins\org.eclipse.m2e.maven.runtime_3.9.900.20250220-2013\jars\maven-plugin-api-3.9.9.jar
2026-07-27 23:51:02,754 [Worker-29: Launching Executing install in D__seat_booking_app_seat-booking-system] INFO  o.eclipse.m2e.core.internal.Bundles - 	Entry: C:\Users\Deepak\.p2\pool\plugins\org.eclipse.m2e.maven.runtime_3.9.900.20250220-2013\jars\maven-repository-metadata-3.9.9.jar
2026-07-27 23:51:02,754 [Worker-29: Launching Executing install in D__seat_booking_app_seat-booking-system] INFO  o.eclipse.m2e.core.internal.Bundles - 	Entry: C:\Users\Deepak\.p2\pool\plugins\org.eclipse.m2e.maven.runtime_3.9.900.20250220-2013\jars\maven-resolver-api-1.9.22.jar
2026-07-27 23:51:02,754 [Worker-29: Launching Executing install in D__seat_booking_app_seat-booking-system] INFO  o.eclipse.m2e.core.internal.Bundles - 	Entry: C:\Users\Deepak\.p2\pool\plugins\org.eclipse.m2e.maven.runtime_3.9.900.20250220-2013\jars\maven-resolver-connector-basic-1.9.22.jar
2026-07-27 23:51:02,755 [Worker-29: Launching Executing install in D__seat_booking_app_seat-booking-system] INFO  o.eclipse.m2e.core.internal.Bundles - 	Entry: C:\Users\Deepak\.p2\pool\plugins\org.eclipse.m2e.maven.runtime_3.9.900.20250220-2013\jars\maven-resolver-impl-1.9.22.jar
2026-07-27 23:51:02,755 [Worker-29: Launching Executing install in D__seat_booking_app_seat-booking-system] INFO  o.eclipse.m2e.core.internal.Bundles - 	Entry: C:\Users\Deepak\.p2\pool\plugins\org.eclipse.m2e.maven.runtime_3.9.900.20250220-2013\jars\maven-resolver-named-locks-1.9.22.jar
2026-07-27 23:51:02,755 [Worker-29: Launching Executing install in D__seat_booking_app_seat-booking-system] INFO  o.eclipse.m2e.core.internal.Bundles - 	Entry: C:\Users\Deepak\.p2\pool\plugins\org.eclipse.m2e.maven.runtime_3.9.900.20250220-2013\jars\maven-resolver-provider-3.9.9.jar
2026-07-27 23:51:02,755 [Worker-29: Launching Executing install in D__seat_booking_app_seat-booking-system] INFO  o.eclipse.m2e.core.internal.Bundles - 	Entry: C:\Users\Deepak\.p2\pool\plugins\org.eclipse.m2e.maven.runtime_3.9.900.20250220-2013\jars\maven-resolver-spi-1.9.22.jar
2026-07-27 23:51:02,755 [Worker-29: Launching Executing install in D__seat_booking_app_seat-booking-system] INFO  o.eclipse.m2e.core.internal.Bundles - 	Entry: C:\Users\Deepak\.p2\pool\plugins\org.eclipse.m2e.maven.runtime_3.9.900.20250220-2013\jars\maven-resolver-transport-file-1.9.22.jar
2026-07-27 23:51:02,756 [Worker-29: Launching Executing install in D__seat_booking_app_seat-booking-system] INFO  o.eclipse.m2e.core.internal.Bundles - 	Entry: C:\Users\Deepak\.p2\pool\plugins\org.eclipse.m2e.maven.runtime_3.9.900.20250220-2013\jars\maven-resolver-transport-http-1.9.22.jar
2026-07-27 23:51:02,756 [Worker-29: Launching Executing install in D__seat_booking_app_seat-booking-system] INFO  o.eclipse.m2e.core.internal.Bundles - 	Entry: C:\Users\Deepak\.p2\pool\plugins\org.eclipse.m2e.maven.runtime_3.9.900.20250220-2013\jars\maven-resolver-transport-wagon-1.9.22.jar
2026-07-27 23:51:02,756 [Worker-29: Launching Executing install in D__seat_booking_app_seat-booking-system] INFO  o.eclipse.m2e.core.internal.Bundles - 	Entry: C:\Users\Deepak\.p2\pool\plugins\org.eclipse.m2e.maven.runtime_3.9.900.20250220-2013\jars\maven-resolver-util-1.9.22.jar
2026-07-27 23:51:02,756 [Worker-29: Launching Executing install in D__seat_booking_app_seat-booking-system] INFO  o.eclipse.m2e.core.internal.Bundles - 	Entry: C:\Users\Deepak\.p2\pool\plugins\org.eclipse.m2e.maven.runtime_3.9.900.20250220-2013\jars\maven-settings-3.9.9.jar
2026-07-27 23:51:02,756 [Worker-29: Launching Executing install in D__seat_booking_app_seat-booking-system] INFO  o.eclipse.m2e.core.internal.Bundles - 	Entry: C:\Users\Deepak\.p2\pool\plugins\org.eclipse.m2e.maven.runtime_3.9.900.20250220-2013\jars\maven-settings-builder-3.9.9.jar
2026-07-27 23:51:02,756 [Worker-29: Launching Executing install in D__seat_booking_app_seat-booking-system] INFO  o.eclipse.m2e.core.internal.Bundles - 	Entry: C:\Users\Deepak\.p2\pool\plugins\org.eclipse.m2e.maven.runtime_3.9.900.20250220-2013\jars\maven-shared-utils-3.4.2.jar
2026-07-27 23:51:02,756 [Worker-29: Launching Executing install in D__seat_booking_app_seat-booking-system] INFO  o.eclipse.m2e.core.internal.Bundles - 	Entry: C:\Users\Deepak\.p2\pool\plugins\org.eclipse.m2e.maven.runtime_3.9.900.20250220-2013\jars\org.eclipse.sisu.inject-0.9.0.M3.jar
2026-07-27 23:51:02,757 [Worker-29: Launching Executing install in D__seat_booking_app_seat-booking-system] INFO  o.eclipse.m2e.core.internal.Bundles - 	Entry: C:\Users\Deepak\.p2\pool\plugins\org.eclipse.m2e.maven.runtime_3.9.900.20250220-2013\jars\org.eclipse.sisu.plexus-0.9.0.M3.jar
2026-07-27 23:51:02,757 [Worker-29: Launching Executing install in D__seat_booking_app_seat-booking-system] INFO  o.eclipse.m2e.core.internal.Bundles - 	Entry: C:\Users\Deepak\.p2\pool\plugins\org.eclipse.m2e.maven.runtime_3.9.900.20250220-2013\jars\plexus-build-api-0.0.7.jar
2026-07-27 23:51:02,757 [Worker-29: Launching Executing install in D__seat_booking_app_seat-booking-system] INFO  o.eclipse.m2e.core.internal.Bundles - 	Entry: C:\Users\Deepak\.p2\pool\plugins\org.eclipse.m2e.maven.runtime_3.9.900.20250220-2013\jars\plexus-build-api-1.2.0.jar
2026-07-27 23:51:02,757 [Worker-29: Launching Executing install in D__seat_booking_app_seat-booking-system] INFO  o.eclipse.m2e.core.internal.Bundles - 	Entry: C:\Users\Deepak\.p2\pool\plugins\org.eclipse.m2e.maven.runtime_3.9.900.20250220-2013\jars\plexus-cipher-2.0.jar
2026-07-27 23:51:02,757 [Worker-29: Launching Executing install in D__seat_booking_app_seat-booking-system] INFO  o.eclipse.m2e.core.internal.Bundles - 	Entry: C:\Users\Deepak\.p2\pool\plugins\org.eclipse.m2e.maven.runtime_3.9.900.20250220-2013\jars\plexus-classworlds-2.8.0.jar
2026-07-27 23:51:02,757 [Worker-29: Launching Executing install in D__seat_booking_app_seat-booking-system] INFO  o.eclipse.m2e.core.internal.Bundles - 	Entry: C:\Users\Deepak\.p2\pool\plugins\org.eclipse.m2e.maven.runtime_3.9.900.20250220-2013\jars\plexus-component-annotations-2.1.0.jar
2026-07-27 23:51:02,757 [Worker-29: Launching Executing install in D__seat_booking_app_seat-booking-system] INFO  o.eclipse.m2e.core.internal.Bundles - 	Entry: C:\Users\Deepak\.p2\pool\plugins\org.eclipse.m2e.maven.runtime_3.9.900.20250220-2013\jars\plexus-interpolation-1.27.jar
2026-07-27 23:51:02,757 [Worker-29: Launching Executing install in D__seat_booking_app_seat-booking-system] INFO  o.eclipse.m2e.core.internal.Bundles - 	Entry: C:\Users\Deepak\.p2\pool\plugins\org.eclipse.m2e.maven.runtime_3.9.900.20250220-2013\jars\plexus-sec-dispatcher-2.0.jar
2026-07-27 23:51:02,757 [Worker-29: Launching Executing install in D__seat_booking_app_seat-booking-system] INFO  o.eclipse.m2e.core.internal.Bundles - 	Entry: C:\Users\Deepak\.p2\pool\plugins\org.eclipse.m2e.maven.runtime_3.9.900.20250220-2013\jars\plexus-utils-3.5.1.jar
2026-07-27 23:51:02,757 [Worker-29: Launching Executing install in D__seat_booking_app_seat-booking-system] INFO  o.eclipse.m2e.core.internal.Bundles - 	Entry: C:\Users\Deepak\.p2\pool\plugins\org.eclipse.m2e.maven.runtime_3.9.900.20250220-2013\jars\plexus-xml-3.0.1.jar
2026-07-27 23:51:02,757 [Worker-29: Launching Executing install in D__seat_booking_app_seat-booking-system] INFO  o.eclipse.m2e.core.internal.Bundles - 	Entry: C:\Users\Deepak\.p2\pool\plugins\org.eclipse.m2e.maven.runtime_3.9.900.20250220-2013\jars\wagon-file-3.5.3.jar
2026-07-27 23:51:02,758 [Worker-29: Launching Executing install in D__seat_booking_app_seat-booking-system] INFO  o.eclipse.m2e.core.internal.Bundles - 	Entry: C:\Users\Deepak\.p2\pool\plugins\org.eclipse.m2e.maven.runtime_3.9.900.20250220-2013\jars\wagon-http-3.5.3.jar
2026-07-27 23:51:02,758 [Worker-29: Launching Executing install in D__seat_booking_app_seat-booking-system] INFO  o.eclipse.m2e.core.internal.Bundles - 	Entry: C:\Users\Deepak\.p2\pool\plugins\org.eclipse.m2e.maven.runtime_3.9.900.20250220-2013\jars\wagon-http-shared-3.5.3.jar
2026-07-27 23:51:02,758 [Worker-29: Launching Executing install in D__seat_booking_app_seat-booking-system] INFO  o.eclipse.m2e.core.internal.Bundles - 	Entry: C:\Users\Deepak\.p2\pool\plugins\org.eclipse.m2e.maven.runtime_3.9.900.20250220-2013\jars\wagon-provider-api-3.5.3.jar
2026-07-27 23:51:02,758 [Worker-29: Launching Executing install in D__seat_booking_app_seat-booking-system] INFO  o.eclipse.m2e.core.internal.Bundles - getClasspathEntries(Bundle=com.google.guava_33.4.8.jre [13])
2026-07-27 23:51:02,759 [Worker-29: Launching Executing install in D__seat_booking_app_seat-booking-system] INFO  o.eclipse.m2e.core.internal.Bundles - 	Entry: C:\Users\Deepak\.p2\pool\plugins\com.google.guava_33.4.8.jre.jar
2026-07-27 23:51:02,759 [Worker-29: Launching Executing install in D__seat_booking_app_seat-booking-system] INFO  o.eclipse.m2e.core.internal.Bundles - getClasspathEntries(Bundle=slf4j.api_2.0.17 [520])
2026-07-27 23:51:02,759 [Worker-29: Launching Executing install in D__seat_booking_app_seat-booking-system] INFO  o.eclipse.m2e.core.internal.Bundles - 	Entry: C:\Users\Deepak\.p2\pool\plugins\slf4j.api_2.0.17.jar
2026-07-27 23:51:02,759 [Worker-29: Launching Executing install in D__seat_booking_app_seat-booking-system] INFO  o.eclipse.m2e.core.internal.Bundles - getClasspathEntries(Bundle=jakarta.inject.jakarta.inject-api_1.0.5 [24])
2026-07-27 23:51:02,760 [Worker-29: Launching Executing install in D__seat_booking_app_seat-booking-system] INFO  o.eclipse.m2e.core.internal.Bundles - 	Entry: C:\Users\Deepak\.p2\pool\plugins\jakarta.inject.jakarta.inject-api_1.0.5.jar
2026-07-27 23:51:02,760 [Worker-29: Launching Executing install in D__seat_booking_app_seat-booking-system] INFO  o.eclipse.m2e.core.internal.Bundles - getClasspathEntries(Bundle=javax.annotation_1.3.5.v20200909-1856 [27])
2026-07-27 23:51:02,760 [Worker-29: Launching Executing install in D__seat_booking_app_seat-booking-system] INFO  o.eclipse.m2e.core.internal.Bundles - 	Entry: C:\Users\Deepak\.p2\pool\plugins\javax.annotation_1.3.5.v20200909-1856.jar
2026-07-27 23:51:02,760 [Worker-29: Launching Executing install in D__seat_booking_app_seat-booking-system] INFO  o.eclipse.m2e.core.internal.Bundles - getClasspathEntries(Bundle=org.apache.commons.cli_1.9.0 [49])
2026-07-27 23:51:02,760 [Worker-29: Launching Executing install in D__seat_booking_app_seat-booking-system] INFO  o.eclipse.m2e.core.internal.Bundles - 	Entry: C:\Users\Deepak\.p2\pool\plugins\org.apache.commons.cli_1.9.0.jar
2026-07-27 23:51:02,760 [Worker-29: Launching Executing install in D__seat_booking_app_seat-booking-system] INFO  o.eclipse.m2e.core.internal.Bundles - getClasspathEntries(Bundle=org.apache.commons.commons-codec_1.16.0 [50])
2026-07-27 23:51:02,761 [Worker-29: Launching Executing install in D__seat_booking_app_seat-booking-system] INFO  o.eclipse.m2e.core.internal.Bundles - 	Entry: C:\Users\Deepak\.p2\pool\plugins\org.apache.commons.commons-codec_1.16.0.jar
2026-07-27 23:51:02,761 [Worker-29: Launching Executing install in D__seat_booking_app_seat-booking-system] INFO  o.eclipse.m2e.core.internal.Bundles - getClasspathEntries(Bundle=com.google.guava.failureaccess_1.0.3 [14])
2026-07-27 23:51:02,761 [Worker-29: Launching Executing install in D__seat_booking_app_seat-booking-system] INFO  o.eclipse.m2e.core.internal.Bundles - 	Entry: C:\Users\Deepak\.p2\pool\plugins\com.google.guava.failureaccess_1.0.3.jar
2026-07-27 23:51:02,762 [Worker-29: Launching Executing install in D__seat_booking_app_seat-booking-system] INFO  o.e.m.i.launch.MavenLaunchDelegate - Run build in "D:\seat_booking_app\seat-booking-system":
2026-07-27 23:51:02,762 [Worker-29: Launching Executing install in D__seat_booking_app_seat-booking-system] INFO  o.e.m.i.launch.MavenLaunchDelegate -  mvn  -B -Dstyle.color=always install
2026-07-27 23:52:04,224 [Worker-28: Building] INFO  o.e.m.c.i.l.LifecycleMappingFactory - Using org.eclipse.m2e.jdt.JarLifecycleMapping lifecycle mapping for MavenProject: com.booking:seat-booking-system:0.1.0 @ D:\seat_booking_app\seat-booking-system\pom.xml.
2026-07-27 23:52:05,927 [Worker-28: Building] INFO  o.a.m.s.f.DefaultMavenResourcesFiltering - Copying 0 resource from src\main\resources to target\classes
2026-07-27 23:52:05,927 [Worker-28: Building] INFO  o.a.m.s.f.DefaultMavenResourcesFiltering - Copying 0 resource from src\main\resources to target\classes
2026-07-27 23:52:05,936 [Worker-28: Building] INFO  o.a.m.s.f.DefaultMavenResourcesFiltering - Copying 0 resource from src\test\resources to target\test-classes
2026-07-27 23:52:08,106 [Worker-29: Building] INFO  o.a.m.s.f.DefaultMavenResourcesFiltering - Copying 2 resources from src\main\resources to target\classes
2026-07-27 23:52:08,161 [Worker-29: Building] INFO  o.a.m.s.f.DefaultMavenResourcesFiltering - Copying 0 resource from src\main\resources to target\classes
2026-07-27 23:52:08,167 [Worker-29: Building] INFO  o.a.m.s.f.DefaultMavenResourcesFiltering - Copying 1 resource from src\test\resources to target\test-classes
2026-07-27 23:52:09,322 [Worker-28: Launching Executing clean in D__seat_booking_app_seat-booking-system] INFO  o.eclipse.m2e.core.internal.Bundles - getClasspathEntries(Bundle=org.eclipse.m2e.maven.runtime_3.9.900.20250220-2013 [297])
2026-07-27 23:52:09,324 [Worker-28: Launching Executing clean in D__seat_booking_app_seat-booking-system] INFO  o.eclipse.m2e.core.internal.Bundles - 	Entry: C:\Users\Deepak\.p2\pool\plugins\org.eclipse.m2e.maven.runtime_3.9.900.20250220-2013
2026-07-27 23:52:09,325 [Worker-28: Launching Executing clean in D__seat_booking_app_seat-booking-system] INFO  o.eclipse.m2e.core.internal.Bundles - 	Entry: C:\Users\Deepak\.p2\pool\plugins\org.eclipse.m2e.maven.runtime_3.9.900.20250220-2013\jars\aopalliance-1.0.jar
2026-07-27 23:52:09,325 [Worker-28: Launching Executing clean in D__seat_booking_app_seat-booking-system] INFO  o.eclipse.m2e.core.internal.Bundles - 	Entry: C:\Users\Deepak\.p2\pool\plugins\org.eclipse.m2e.maven.runtime_3.9.900.20250220-2013\jars\guice-5.1.0.jar
2026-07-27 23:52:09,325 [Worker-28: Launching Executing clean in D__seat_booking_app_seat-booking-system] INFO  o.eclipse.m2e.core.internal.Bundles - 	Entry: C:\Users\Deepak\.p2\pool\plugins\org.eclipse.m2e.maven.runtime_3.9.900.20250220-2013\jars\httpclient-4.5.14.jar
2026-07-27 23:52:09,325 [Worker-28: Launching Executing clean in D__seat_booking_app_seat-booking-system] INFO  o.eclipse.m2e.core.internal.Bundles - 	Entry: C:\Users\Deepak\.p2\pool\plugins\org.eclipse.m2e.maven.runtime_3.9.900.20250220-2013\jars\httpcore-4.4.16.jar
2026-07-27 23:52:09,325 [Worker-28: Launching Executing clean in D__seat_booking_app_seat-booking-system] INFO  o.eclipse.m2e.core.internal.Bundles - 	Entry: C:\Users\Deepak\.p2\pool\plugins\org.eclipse.m2e.maven.runtime_3.9.900.20250220-2013\jars\jansi-2.4.1.jar
2026-07-27 23:52:09,326 [Worker-28: Launching Executing clean in D__seat_booking_app_seat-booking-system] INFO  o.eclipse.m2e.core.internal.Bundles - 	Entry: C:\Users\Deepak\.p2\pool\plugins\org.eclipse.m2e.maven.runtime_3.9.900.20250220-2013\jars\jcl-over-slf4j-1.7.36.jar
2026-07-27 23:52:09,326 [Worker-28: Launching Executing clean in D__seat_booking_app_seat-booking-system] INFO  o.eclipse.m2e.core.internal.Bundles - 	Entry: C:\Users\Deepak\.p2\pool\plugins\org.eclipse.m2e.maven.runtime_3.9.900.20250220-2013\jars\maven-artifact-3.9.9.jar
2026-07-27 23:52:09,326 [Worker-28: Launching Executing clean in D__seat_booking_app_seat-booking-system] INFO  o.eclipse.m2e.core.internal.Bundles - 	Entry: C:\Users\Deepak\.p2\pool\plugins\org.eclipse.m2e.maven.runtime_3.9.900.20250220-2013\jars\maven-builder-support-3.9.9.jar
2026-07-27 23:52:09,327 [Worker-28: Launching Executing clean in D__seat_booking_app_seat-booking-system] INFO  o.eclipse.m2e.core.internal.Bundles - 	Entry: C:\Users\Deepak\.p2\pool\plugins\org.eclipse.m2e.maven.runtime_3.9.900.20250220-2013\jars\maven-compat-3.9.9.jar
2026-07-27 23:52:09,327 [Worker-28: Launching Executing clean in D__seat_booking_app_seat-booking-system] INFO  o.eclipse.m2e.core.internal.Bundles - 	Entry: C:\Users\Deepak\.p2\pool\plugins\org.eclipse.m2e.maven.runtime_3.9.900.20250220-2013\jars\maven-core-3.9.9.jar
2026-07-27 23:52:09,327 [Worker-28: Launching Executing clean in D__seat_booking_app_seat-booking-system] INFO  o.eclipse.m2e.core.internal.Bundles - 	Entry: C:\Users\Deepak\.p2\pool\plugins\org.eclipse.m2e.maven.runtime_3.9.900.20250220-2013\jars\maven-embedder-3.9.9.jar
2026-07-27 23:52:09,327 [Worker-28: Launching Executing clean in D__seat_booking_app_seat-booking-system] INFO  o.eclipse.m2e.core.internal.Bundles - 	Entry: C:\Users\Deepak\.p2\pool\plugins\org.eclipse.m2e.maven.runtime_3.9.900.20250220-2013\jars\maven-model-3.9.9.jar
2026-07-27 23:52:09,328 [Worker-28: Launching Executing clean in D__seat_booking_app_seat-booking-system] INFO  o.eclipse.m2e.core.internal.Bundles - 	Entry: C:\Users\Deepak\.p2\pool\plugins\org.eclipse.m2e.maven.runtime_3.9.900.20250220-2013\jars\maven-model-builder-3.9.9.jar
2026-07-27 23:52:09,328 [Worker-28: Launching Executing clean in D__seat_booking_app_seat-booking-system] INFO  o.eclipse.m2e.core.internal.Bundles - 	Entry: C:\Users\Deepak\.p2\pool\plugins\org.eclipse.m2e.maven.runtime_3.9.900.20250220-2013\jars\maven-plugin-api-3.9.9.jar
2026-07-27 23:52:09,328 [Worker-28: Launching Executing clean in D__seat_booking_app_seat-booking-system] INFO  o.eclipse.m2e.core.internal.Bundles - 	Entry: C:\Users\Deepak\.p2\pool\plugins\org.eclipse.m2e.maven.runtime_3.9.900.20250220-2013\jars\maven-repository-metadata-3.9.9.jar
2026-07-27 23:52:09,328 [Worker-28: Launching Executing clean in D__seat_booking_app_seat-booking-system] INFO  o.eclipse.m2e.core.internal.Bundles - 	Entry: C:\Users\Deepak\.p2\pool\plugins\org.eclipse.m2e.maven.runtime_3.9.900.20250220-2013\jars\maven-resolver-api-1.9.22.jar
2026-07-27 23:52:09,329 [Worker-28: Launching Executing clean in D__seat_booking_app_seat-booking-system] INFO  o.eclipse.m2e.core.internal.Bundles - 	Entry: C:\Users\Deepak\.p2\pool\plugins\org.eclipse.m2e.maven.runtime_3.9.900.20250220-2013\jars\maven-resolver-connector-basic-1.9.22.jar
2026-07-27 23:52:09,329 [Worker-28: Launching Executing clean in D__seat_booking_app_seat-booking-system] INFO  o.eclipse.m2e.core.internal.Bundles - 	Entry: C:\Users\Deepak\.p2\pool\plugins\org.eclipse.m2e.maven.runtime_3.9.900.20250220-2013\jars\maven-resolver-impl-1.9.22.jar
2026-07-27 23:52:09,329 [Worker-28: Launching Executing clean in D__seat_booking_app_seat-booking-system] INFO  o.eclipse.m2e.core.internal.Bundles - 	Entry: C:\Users\Deepak\.p2\pool\plugins\org.eclipse.m2e.maven.runtime_3.9.900.20250220-2013\jars\maven-resolver-named-locks-1.9.22.jar
2026-07-27 23:52:09,329 [Worker-28: Launching Executing clean in D__seat_booking_app_seat-booking-system] INFO  o.eclipse.m2e.core.internal.Bundles - 	Entry: C:\Users\Deepak\.p2\pool\plugins\org.eclipse.m2e.maven.runtime_3.9.900.20250220-2013\jars\maven-resolver-provider-3.9.9.jar
2026-07-27 23:52:09,329 [Worker-28: Launching Executing clean in D__seat_booking_app_seat-booking-system] INFO  o.eclipse.m2e.core.internal.Bundles - 	Entry: C:\Users\Deepak\.p2\pool\plugins\org.eclipse.m2e.maven.runtime_3.9.900.20250220-2013\jars\maven-resolver-spi-1.9.22.jar
2026-07-27 23:52:09,329 [Worker-28: Launching Executing clean in D__seat_booking_app_seat-booking-system] INFO  o.eclipse.m2e.core.internal.Bundles - 	Entry: C:\Users\Deepak\.p2\pool\plugins\org.eclipse.m2e.maven.runtime_3.9.900.20250220-2013\jars\maven-resolver-transport-file-1.9.22.jar
2026-07-27 23:52:09,330 [Worker-28: Launching Executing clean in D__seat_booking_app_seat-booking-system] INFO  o.eclipse.m2e.core.internal.Bundles - 	Entry: C:\Users\Deepak\.p2\pool\plugins\org.eclipse.m2e.maven.runtime_3.9.900.20250220-2013\jars\maven-resolver-transport-http-1.9.22.jar
2026-07-27 23:52:09,330 [Worker-28: Launching Executing clean in D__seat_booking_app_seat-booking-system] INFO  o.eclipse.m2e.core.internal.Bundles - 	Entry: C:\Users\Deepak\.p2\pool\plugins\org.eclipse.m2e.maven.runtime_3.9.900.20250220-2013\jars\maven-resolver-transport-wagon-1.9.22.jar
2026-07-27 23:52:09,330 [Worker-28: Launching Executing clean in D__seat_booking_app_seat-booking-system] INFO  o.eclipse.m2e.core.internal.Bundles - 	Entry: C:\Users\Deepak\.p2\pool\plugins\org.eclipse.m2e.maven.runtime_3.9.900.20250220-2013\jars\maven-resolver-util-1.9.22.jar
2026-07-27 23:52:09,330 [Worker-28: Launching Executing clean in D__seat_booking_app_seat-booking-system] INFO  o.eclipse.m2e.core.internal.Bundles - 	Entry: C:\Users\Deepak\.p2\pool\plugins\org.eclipse.m2e.maven.runtime_3.9.900.20250220-2013\jars\maven-settings-3.9.9.jar
2026-07-27 23:52:09,330 [Worker-28: Launching Executing clean in D__seat_booking_app_seat-booking-system] INFO  o.eclipse.m2e.core.internal.Bundles - 	Entry: C:\Users\Deepak\.p2\pool\plugins\org.eclipse.m2e.maven.runtime_3.9.900.20250220-2013\jars\maven-settings-builder-3.9.9.jar
2026-07-27 23:52:09,331 [Worker-28: Launching Executing clean in D__seat_booking_app_seat-booking-system] INFO  o.eclipse.m2e.core.internal.Bundles - 	Entry: C:\Users\Deepak\.p2\pool\plugins\org.eclipse.m2e.maven.runtime_3.9.900.20250220-2013\jars\maven-shared-utils-3.4.2.jar
2026-07-27 23:52:09,331 [Worker-28: Launching Executing clean in D__seat_booking_app_seat-booking-system] INFO  o.eclipse.m2e.core.internal.Bundles - 	Entry: C:\Users\Deepak\.p2\pool\plugins\org.eclipse.m2e.maven.runtime_3.9.900.20250220-2013\jars\org.eclipse.sisu.inject-0.9.0.M3.jar
2026-07-27 23:52:09,331 [Worker-28: Launching Executing clean in D__seat_booking_app_seat-booking-system] INFO  o.eclipse.m2e.core.internal.Bundles - 	Entry: C:\Users\Deepak\.p2\pool\plugins\org.eclipse.m2e.maven.runtime_3.9.900.20250220-2013\jars\org.eclipse.sisu.plexus-0.9.0.M3.jar
2026-07-27 23:52:09,331 [Worker-28: Launching Executing clean in D__seat_booking_app_seat-booking-system] INFO  o.eclipse.m2e.core.internal.Bundles - 	Entry: C:\Users\Deepak\.p2\pool\plugins\org.eclipse.m2e.maven.runtime_3.9.900.20250220-2013\jars\plexus-build-api-0.0.7.jar
2026-07-27 23:52:09,331 [Worker-28: Launching Executing clean in D__seat_booking_app_seat-booking-system] INFO  o.eclipse.m2e.core.internal.Bundles - 	Entry: C:\Users\Deepak\.p2\pool\plugins\org.eclipse.m2e.maven.runtime_3.9.900.20250220-2013\jars\plexus-build-api-1.2.0.jar
2026-07-27 23:52:09,332 [Worker-28: Launching Executing clean in D__seat_booking_app_seat-booking-system] INFO  o.eclipse.m2e.core.internal.Bundles - 	Entry: C:\Users\Deepak\.p2\pool\plugins\org.eclipse.m2e.maven.runtime_3.9.900.20250220-2013\jars\plexus-cipher-2.0.jar
2026-07-27 23:52:09,332 [Worker-28: Launching Executing clean in D__seat_booking_app_seat-booking-system] INFO  o.eclipse.m2e.core.internal.Bundles - 	Entry: C:\Users\Deepak\.p2\pool\plugins\org.eclipse.m2e.maven.runtime_3.9.900.20250220-2013\jars\plexus-classworlds-2.8.0.jar
2026-07-27 23:52:09,332 [Worker-28: Launching Executing clean in D__seat_booking_app_seat-booking-system] INFO  o.eclipse.m2e.core.internal.Bundles - 	Entry: C:\Users\Deepak\.p2\pool\plugins\org.eclipse.m2e.maven.runtime_3.9.900.20250220-2013\jars\plexus-component-annotations-2.1.0.jar
2026-07-27 23:52:09,332 [Worker-28: Launching Executing clean in D__seat_booking_app_seat-booking-system] INFO  o.eclipse.m2e.core.internal.Bundles - 	Entry: C:\Users\Deepak\.p2\pool\plugins\org.eclipse.m2e.maven.runtime_3.9.900.20250220-2013\jars\plexus-interpolation-1.27.jar
2026-07-27 23:52:09,332 [Worker-28: Launching Executing clean in D__seat_booking_app_seat-booking-system] INFO  o.eclipse.m2e.core.internal.Bundles - 	Entry: C:\Users\Deepak\.p2\pool\plugins\org.eclipse.m2e.maven.runtime_3.9.900.20250220-2013\jars\plexus-sec-dispatcher-2.0.jar
2026-07-27 23:52:09,332 [Worker-28: Launching Executing clean in D__seat_booking_app_seat-booking-system] INFO  o.eclipse.m2e.core.internal.Bundles - 	Entry: C:\Users\Deepak\.p2\pool\plugins\org.eclipse.m2e.maven.runtime_3.9.900.20250220-2013\jars\plexus-utils-3.5.1.jar
2026-07-27 23:52:09,332 [Worker-28: Launching Executing clean in D__seat_booking_app_seat-booking-system] INFO  o.eclipse.m2e.core.internal.Bundles - 	Entry: C:\Users\Deepak\.p2\pool\plugins\org.eclipse.m2e.maven.runtime_3.9.900.20250220-2013\jars\plexus-xml-3.0.1.jar
2026-07-27 23:52:09,333 [Worker-28: Launching Executing clean in D__seat_booking_app_seat-booking-system] INFO  o.eclipse.m2e.core.internal.Bundles - 	Entry: C:\Users\Deepak\.p2\pool\plugins\org.eclipse.m2e.maven.runtime_3.9.900.20250220-2013\jars\wagon-file-3.5.3.jar
2026-07-27 23:52:09,333 [Worker-28: Launching Executing clean in D__seat_booking_app_seat-booking-system] INFO  o.eclipse.m2e.core.internal.Bundles - 	Entry: C:\Users\Deepak\.p2\pool\plugins\org.eclipse.m2e.maven.runtime_3.9.900.20250220-2013\jars\wagon-http-3.5.3.jar
2026-07-27 23:52:09,333 [Worker-28: Launching Executing clean in D__seat_booking_app_seat-booking-system] INFO  o.eclipse.m2e.core.internal.Bundles - 	Entry: C:\Users\Deepak\.p2\pool\plugins\org.eclipse.m2e.maven.runtime_3.9.900.20250220-2013\jars\wagon-http-shared-3.5.3.jar
2026-07-27 23:52:09,333 [Worker-28: Launching Executing clean in D__seat_booking_app_seat-booking-system] INFO  o.eclipse.m2e.core.internal.Bundles - 	Entry: C:\Users\Deepak\.p2\pool\plugins\org.eclipse.m2e.maven.runtime_3.9.900.20250220-2013\jars\wagon-provider-api-3.5.3.jar
2026-07-27 23:52:09,333 [Worker-28: Launching Executing clean in D__seat_booking_app_seat-booking-system] INFO  o.eclipse.m2e.core.internal.Bundles - getClasspathEntries(Bundle=com.google.guava_33.4.8.jre [13])
2026-07-27 23:52:09,334 [Worker-28: Launching Executing clean in D__seat_booking_app_seat-booking-system] INFO  o.eclipse.m2e.core.internal.Bundles - 	Entry: C:\Users\Deepak\.p2\pool\plugins\com.google.guava_33.4.8.jre.jar
2026-07-27 23:52:09,334 [Worker-28: Launching Executing clean in D__seat_booking_app_seat-booking-system] INFO  o.eclipse.m2e.core.internal.Bundles - getClasspathEntries(Bundle=slf4j.api_2.0.17 [520])
2026-07-27 23:52:09,334 [Worker-28: Launching Executing clean in D__seat_booking_app_seat-booking-system] INFO  o.eclipse.m2e.core.internal.Bundles - 	Entry: C:\Users\Deepak\.p2\pool\plugins\slf4j.api_2.0.17.jar
2026-07-27 23:52:09,334 [Worker-28: Launching Executing clean in D__seat_booking_app_seat-booking-system] INFO  o.eclipse.m2e.core.internal.Bundles - getClasspathEntries(Bundle=jakarta.inject.jakarta.inject-api_1.0.5 [24])
2026-07-27 23:52:09,334 [Worker-28: Launching Executing clean in D__seat_booking_app_seat-booking-system] INFO  o.eclipse.m2e.core.internal.Bundles - 	Entry: C:\Users\Deepak\.p2\pool\plugins\jakarta.inject.jakarta.inject-api_1.0.5.jar
2026-07-27 23:52:09,334 [Worker-28: Launching Executing clean in D__seat_booking_app_seat-booking-system] INFO  o.eclipse.m2e.core.internal.Bundles - getClasspathEntries(Bundle=javax.annotation_1.3.5.v20200909-1856 [27])
2026-07-27 23:52:09,334 [Worker-28: Launching Executing clean in D__seat_booking_app_seat-booking-system] INFO  o.eclipse.m2e.core.internal.Bundles - 	Entry: C:\Users\Deepak\.p2\pool\plugins\javax.annotation_1.3.5.v20200909-1856.jar
2026-07-27 23:52:09,334 [Worker-28: Launching Executing clean in D__seat_booking_app_seat-booking-system] INFO  o.eclipse.m2e.core.internal.Bundles - getClasspathEntries(Bundle=org.apache.commons.cli_1.9.0 [49])
2026-07-27 23:52:09,336 [Worker-28: Launching Executing clean in D__seat_booking_app_seat-booking-system] INFO  o.eclipse.m2e.core.internal.Bundles - 	Entry: C:\Users\Deepak\.p2\pool\plugins\org.apache.commons.cli_1.9.0.jar
2026-07-27 23:52:09,336 [Worker-28: Launching Executing clean in D__seat_booking_app_seat-booking-system] INFO  o.eclipse.m2e.core.internal.Bundles - getClasspathEntries(Bundle=org.apache.commons.commons-codec_1.16.0 [50])
2026-07-27 23:52:09,336 [Worker-28: Launching Executing clean in D__seat_booking_app_seat-booking-system] INFO  o.eclipse.m2e.core.internal.Bundles - 	Entry: C:\Users\Deepak\.p2\pool\plugins\org.apache.commons.commons-codec_1.16.0.jar
2026-07-27 23:52:09,336 [Worker-28: Launching Executing clean in D__seat_booking_app_seat-booking-system] INFO  o.eclipse.m2e.core.internal.Bundles - getClasspathEntries(Bundle=com.google.guava.failureaccess_1.0.3 [14])
2026-07-27 23:52:09,336 [Worker-28: Launching Executing clean in D__seat_booking_app_seat-booking-system] INFO  o.eclipse.m2e.core.internal.Bundles - 	Entry: C:\Users\Deepak\.p2\pool\plugins\com.google.guava.failureaccess_1.0.3.jar
2026-07-27 23:52:09,337 [Worker-28: Launching Executing clean in D__seat_booking_app_seat-booking-system] INFO  o.e.m.i.launch.MavenLaunchDelegate - Run build in "D:\seat_booking_app\seat-booking-system":
2026-07-27 23:52:09,338 [Worker-28: Launching Executing clean in D__seat_booking_app_seat-booking-system] INFO  o.e.m.i.launch.MavenLaunchDelegate -  mvn  -B -Dstyle.color=always clean
2026-07-27 23:52:13,364 [Worker-27: Building] INFO  o.a.m.s.f.DefaultMavenResourcesFiltering - Copying 2 resources from src\main\resources to target\classes
2026-07-27 23:52:13,368 [Worker-27: Building] INFO  o.a.m.s.f.DefaultMavenResourcesFiltering - Copying 0 resource from src\main\resources to target\classes
2026-07-27 23:52:13,371 [Worker-27: Building] INFO  o.a.m.s.f.DefaultMavenResourcesFiltering - Copying 1 resource from src\test\resources to target\test-classes
2026-07-27 23:52:24,921 [Worker-30: Launching Executing install in D__seat_booking_app_seat-booking-system] INFO  o.eclipse.m2e.core.internal.Bundles - getClasspathEntries(Bundle=org.eclipse.m2e.maven.runtime_3.9.900.20250220-2013 [297])
2026-07-27 23:52:24,922 [Worker-30: Launching Executing install in D__seat_booking_app_seat-booking-system] INFO  o.eclipse.m2e.core.internal.Bundles - 	Entry: C:\Users\Deepak\.p2\pool\plugins\org.eclipse.m2e.maven.runtime_3.9.900.20250220-2013
2026-07-27 23:52:24,923 [Worker-30: Launching Executing install in D__seat_booking_app_seat-booking-system] INFO  o.eclipse.m2e.core.internal.Bundles - 	Entry: C:\Users\Deepak\.p2\pool\plugins\org.eclipse.m2e.maven.runtime_3.9.900.20250220-2013\jars\aopalliance-1.0.jar
2026-07-27 23:52:24,924 [Worker-30: Launching Executing install in D__seat_booking_app_seat-booking-system] INFO  o.eclipse.m2e.core.internal.Bundles - 	Entry: C:\Users\Deepak\.p2\pool\plugins\org.eclipse.m2e.maven.runtime_3.9.900.20250220-2013\jars\guice-5.1.0.jar
2026-07-27 23:52:24,924 [Worker-30: Launching Executing install in D__seat_booking_app_seat-booking-system] INFO  o.eclipse.m2e.core.internal.Bundles - 	Entry: C:\Users\Deepak\.p2\pool\plugins\org.eclipse.m2e.maven.runtime_3.9.900.20250220-2013\jars\httpclient-4.5.14.jar
2026-07-27 23:52:24,924 [Worker-30: Launching Executing install in D__seat_booking_app_seat-booking-system] INFO  o.eclipse.m2e.core.internal.Bundles - 	Entry: C:\Users\Deepak\.p2\pool\plugins\org.eclipse.m2e.maven.runtime_3.9.900.20250220-2013\jars\httpcore-4.4.16.jar
2026-07-27 23:52:24,924 [Worker-30: Launching Executing install in D__seat_booking_app_seat-booking-system] INFO  o.eclipse.m2e.core.internal.Bundles - 	Entry: C:\Users\Deepak\.p2\pool\plugins\org.eclipse.m2e.maven.runtime_3.9.900.20250220-2013\jars\jansi-2.4.1.jar
2026-07-27 23:52:24,925 [Worker-30: Launching Executing install in D__seat_booking_app_seat-booking-system] INFO  o.eclipse.m2e.core.internal.Bundles - 	Entry: C:\Users\Deepak\.p2\pool\plugins\org.eclipse.m2e.maven.runtime_3.9.900.20250220-2013\jars\jcl-over-slf4j-1.7.36.jar
2026-07-27 23:52:24,925 [Worker-30: Launching Executing install in D__seat_booking_app_seat-booking-system] INFO  o.eclipse.m2e.core.internal.Bundles - 	Entry: C:\Users\Deepak\.p2\pool\plugins\org.eclipse.m2e.maven.runtime_3.9.900.20250220-2013\jars\maven-artifact-3.9.9.jar
2026-07-27 23:52:24,926 [Worker-30: Launching Executing install in D__seat_booking_app_seat-booking-system] INFO  o.eclipse.m2e.core.internal.Bundles - 	Entry: C:\Users\Deepak\.p2\pool\plugins\org.eclipse.m2e.maven.runtime_3.9.900.20250220-2013\jars\maven-builder-support-3.9.9.jar
2026-07-27 23:52:24,926 [Worker-30: Launching Executing install in D__seat_booking_app_seat-booking-system] INFO  o.eclipse.m2e.core.internal.Bundles - 	Entry: C:\Users\Deepak\.p2\pool\plugins\org.eclipse.m2e.maven.runtime_3.9.900.20250220-2013\jars\maven-compat-3.9.9.jar
2026-07-27 23:52:24,927 [Worker-30: Launching Executing install in D__seat_booking_app_seat-booking-system] INFO  o.eclipse.m2e.core.internal.Bundles - 	Entry: C:\Users\Deepak\.p2\pool\plugins\org.eclipse.m2e.maven.runtime_3.9.900.20250220-2013\jars\maven-core-3.9.9.jar
2026-07-27 23:52:24,927 [Worker-30: Launching Executing install in D__seat_booking_app_seat-booking-system] INFO  o.eclipse.m2e.core.internal.Bundles - 	Entry: C:\Users\Deepak\.p2\pool\plugins\org.eclipse.m2e.maven.runtime_3.9.900.20250220-2013\jars\maven-embedder-3.9.9.jar
2026-07-27 23:52:24,928 [Worker-30: Launching Executing install in D__seat_booking_app_seat-booking-system] INFO  o.eclipse.m2e.core.internal.Bundles - 	Entry: C:\Users\Deepak\.p2\pool\plugins\org.eclipse.m2e.maven.runtime_3.9.900.20250220-2013\jars\maven-model-3.9.9.jar
2026-07-27 23:52:24,928 [Worker-30: Launching Executing install in D__seat_booking_app_seat-booking-system] INFO  o.eclipse.m2e.core.internal.Bundles - 	Entry: C:\Users\Deepak\.p2\pool\plugins\org.eclipse.m2e.maven.runtime_3.9.900.20250220-2013\jars\maven-model-builder-3.9.9.jar
2026-07-27 23:52:24,929 [Worker-30: Launching Executing install in D__seat_booking_app_seat-booking-system] INFO  o.eclipse.m2e.core.internal.Bundles - 	Entry: C:\Users\Deepak\.p2\pool\plugins\org.eclipse.m2e.maven.runtime_3.9.900.20250220-2013\jars\maven-plugin-api-3.9.9.jar
2026-07-27 23:52:24,929 [Worker-30: Launching Executing install in D__seat_booking_app_seat-booking-system] INFO  o.eclipse.m2e.core.internal.Bundles - 	Entry: C:\Users\Deepak\.p2\pool\plugins\org.eclipse.m2e.maven.runtime_3.9.900.20250220-2013\jars\maven-repository-metadata-3.9.9.jar
2026-07-27 23:52:24,929 [Worker-30: Launching Executing install in D__seat_booking_app_seat-booking-system] INFO  o.eclipse.m2e.core.internal.Bundles - 	Entry: C:\Users\Deepak\.p2\pool\plugins\org.eclipse.m2e.maven.runtime_3.9.900.20250220-2013\jars\maven-resolver-api-1.9.22.jar
2026-07-27 23:52:24,930 [Worker-30: Launching Executing install in D__seat_booking_app_seat-booking-system] INFO  o.eclipse.m2e.core.internal.Bundles - 	Entry: C:\Users\Deepak\.p2\pool\plugins\org.eclipse.m2e.maven.runtime_3.9.900.20250220-2013\jars\maven-resolver-connector-basic-1.9.22.jar
2026-07-27 23:52:24,930 [Worker-30: Launching Executing install in D__seat_booking_app_seat-booking-system] INFO  o.eclipse.m2e.core.internal.Bundles - 	Entry: C:\Users\Deepak\.p2\pool\plugins\org.eclipse.m2e.maven.runtime_3.9.900.20250220-2013\jars\maven-resolver-impl-1.9.22.jar
2026-07-27 23:52:24,930 [Worker-30: Launching Executing install in D__seat_booking_app_seat-booking-system] INFO  o.eclipse.m2e.core.internal.Bundles - 	Entry: C:\Users\Deepak\.p2\pool\plugins\org.eclipse.m2e.maven.runtime_3.9.900.20250220-2013\jars\maven-resolver-named-locks-1.9.22.jar
2026-07-27 23:52:24,931 [Worker-30: Launching Executing install in D__seat_booking_app_seat-booking-system] INFO  o.eclipse.m2e.core.internal.Bundles - 	Entry: C:\Users\Deepak\.p2\pool\plugins\org.eclipse.m2e.maven.runtime_3.9.900.20250220-2013\jars\maven-resolver-provider-3.9.9.jar
2026-07-27 23:52:24,931 [Worker-30: Launching Executing install in D__seat_booking_app_seat-booking-system] INFO  o.eclipse.m2e.core.internal.Bundles - 	Entry: C:\Users\Deepak\.p2\pool\plugins\org.eclipse.m2e.maven.runtime_3.9.900.20250220-2013\jars\maven-resolver-spi-1.9.22.jar
2026-07-27 23:52:24,931 [Worker-30: Launching Executing install in D__seat_booking_app_seat-booking-system] INFO  o.eclipse.m2e.core.internal.Bundles - 	Entry: C:\Users\Deepak\.p2\pool\plugins\org.eclipse.m2e.maven.runtime_3.9.900.20250220-2013\jars\maven-resolver-transport-file-1.9.22.jar
2026-07-27 23:52:24,932 [Worker-30: Launching Executing install in D__seat_booking_app_seat-booking-system] INFO  o.eclipse.m2e.core.internal.Bundles - 	Entry: C:\Users\Deepak\.p2\pool\plugins\org.eclipse.m2e.maven.runtime_3.9.900.20250220-2013\jars\maven-resolver-transport-http-1.9.22.jar
2026-07-27 23:52:24,932 [Worker-30: Launching Executing install in D__seat_booking_app_seat-booking-system] INFO  o.eclipse.m2e.core.internal.Bundles - 	Entry: C:\Users\Deepak\.p2\pool\plugins\org.eclipse.m2e.maven.runtime_3.9.900.20250220-2013\jars\maven-resolver-transport-wagon-1.9.22.jar
2026-07-27 23:52:24,932 [Worker-30: Launching Executing install in D__seat_booking_app_seat-booking-system] INFO  o.eclipse.m2e.core.internal.Bundles - 	Entry: C:\Users\Deepak\.p2\pool\plugins\org.eclipse.m2e.maven.runtime_3.9.900.20250220-2013\jars\maven-resolver-util-1.9.22.jar
2026-07-27 23:52:24,932 [Worker-30: Launching Executing install in D__seat_booking_app_seat-booking-system] INFO  o.eclipse.m2e.core.internal.Bundles - 	Entry: C:\Users\Deepak\.p2\pool\plugins\org.eclipse.m2e.maven.runtime_3.9.900.20250220-2013\jars\maven-settings-3.9.9.jar
2026-07-27 23:52:24,932 [Worker-30: Launching Executing install in D__seat_booking_app_seat-booking-system] INFO  o.eclipse.m2e.core.internal.Bundles - 	Entry: C:\Users\Deepak\.p2\pool\plugins\org.eclipse.m2e.maven.runtime_3.9.900.20250220-2013\jars\maven-settings-builder-3.9.9.jar
2026-07-27 23:52:24,932 [Worker-30: Launching Executing install in D__seat_booking_app_seat-booking-system] INFO  o.eclipse.m2e.core.internal.Bundles - 	Entry: C:\Users\Deepak\.p2\pool\plugins\org.eclipse.m2e.maven.runtime_3.9.900.20250220-2013\jars\maven-shared-utils-3.4.2.jar
2026-07-27 23:52:24,932 [Worker-30: Launching Executing install in D__seat_booking_app_seat-booking-system] INFO  o.eclipse.m2e.core.internal.Bundles - 	Entry: C:\Users\Deepak\.p2\pool\plugins\org.eclipse.m2e.maven.runtime_3.9.900.20250220-2013\jars\org.eclipse.sisu.inject-0.9.0.M3.jar
2026-07-27 23:52:24,934 [Worker-30: Launching Executing install in D__seat_booking_app_seat-booking-system] INFO  o.eclipse.m2e.core.internal.Bundles - 	Entry: C:\Users\Deepak\.p2\pool\plugins\org.eclipse.m2e.maven.runtime_3.9.900.20250220-2013\jars\org.eclipse.sisu.plexus-0.9.0.M3.jar
2026-07-27 23:52:24,934 [Worker-30: Launching Executing install in D__seat_booking_app_seat-booking-system] INFO  o.eclipse.m2e.core.internal.Bundles - 	Entry: C:\Users\Deepak\.p2\pool\plugins\org.eclipse.m2e.maven.runtime_3.9.900.20250220-2013\jars\plexus-build-api-0.0.7.jar
2026-07-27 23:52:24,934 [Worker-30: Launching Executing install in D__seat_booking_app_seat-booking-system] INFO  o.eclipse.m2e.core.internal.Bundles - 	Entry: C:\Users\Deepak\.p2\pool\plugins\org.eclipse.m2e.maven.runtime_3.9.900.20250220-2013\jars\plexus-build-api-1.2.0.jar
2026-07-27 23:52:24,934 [Worker-30: Launching Executing install in D__seat_booking_app_seat-booking-system] INFO  o.eclipse.m2e.core.internal.Bundles - 	Entry: C:\Users\Deepak\.p2\pool\plugins\org.eclipse.m2e.maven.runtime_3.9.900.20250220-2013\jars\plexus-cipher-2.0.jar
2026-07-27 23:52:24,935 [Worker-30: Launching Executing install in D__seat_booking_app_seat-booking-system] INFO  o.eclipse.m2e.core.internal.Bundles - 	Entry: C:\Users\Deepak\.p2\pool\plugins\org.eclipse.m2e.maven.runtime_3.9.900.20250220-2013\jars\plexus-classworlds-2.8.0.jar
2026-07-27 23:52:24,935 [Worker-30: Launching Executing install in D__seat_booking_app_seat-booking-system] INFO  o.eclipse.m2e.core.internal.Bundles - 	Entry: C:\Users\Deepak\.p2\pool\plugins\org.eclipse.m2e.maven.runtime_3.9.900.20250220-2013\jars\plexus-component-annotations-2.1.0.jar
2026-07-27 23:52:24,935 [Worker-30: Launching Executing install in D__seat_booking_app_seat-booking-system] INFO  o.eclipse.m2e.core.internal.Bundles - 	Entry: C:\Users\Deepak\.p2\pool\plugins\org.eclipse.m2e.maven.runtime_3.9.900.20250220-2013\jars\plexus-interpolation-1.27.jar
2026-07-27 23:52:24,936 [Worker-30: Launching Executing install in D__seat_booking_app_seat-booking-system] INFO  o.eclipse.m2e.core.internal.Bundles - 	Entry: C:\Users\Deepak\.p2\pool\plugins\org.eclipse.m2e.maven.runtime_3.9.900.20250220-2013\jars\plexus-sec-dispatcher-2.0.jar
2026-07-27 23:52:24,936 [Worker-30: Launching Executing install in D__seat_booking_app_seat-booking-system] INFO  o.eclipse.m2e.core.internal.Bundles - 	Entry: C:\Users\Deepak\.p2\pool\plugins\org.eclipse.m2e.maven.runtime_3.9.900.20250220-2013\jars\plexus-utils-3.5.1.jar
2026-07-27 23:52:24,936 [Worker-30: Launching Executing install in D__seat_booking_app_seat-booking-system] INFO  o.eclipse.m2e.core.internal.Bundles - 	Entry: C:\Users\Deepak\.p2\pool\plugins\org.eclipse.m2e.maven.runtime_3.9.900.20250220-2013\jars\plexus-xml-3.0.1.jar
2026-07-27 23:52:24,936 [Worker-30: Launching Executing install in D__seat_booking_app_seat-booking-system] INFO  o.eclipse.m2e.core.internal.Bundles - 	Entry: C:\Users\Deepak\.p2\pool\plugins\org.eclipse.m2e.maven.runtime_3.9.900.20250220-2013\jars\wagon-file-3.5.3.jar
2026-07-27 23:52:24,937 [Worker-30: Launching Executing install in D__seat_booking_app_seat-booking-system] INFO  o.eclipse.m2e.core.internal.Bundles - 	Entry: C:\Users\Deepak\.p2\pool\plugins\org.eclipse.m2e.maven.runtime_3.9.900.20250220-2013\jars\wagon-http-3.5.3.jar
2026-07-27 23:52:24,937 [Worker-30: Launching Executing install in D__seat_booking_app_seat-booking-system] INFO  o.eclipse.m2e.core.internal.Bundles - 	Entry: C:\Users\Deepak\.p2\pool\plugins\org.eclipse.m2e.maven.runtime_3.9.900.20250220-2013\jars\wagon-http-shared-3.5.3.jar
2026-07-27 23:52:24,937 [Worker-30: Launching Executing install in D__seat_booking_app_seat-booking-system] INFO  o.eclipse.m2e.core.internal.Bundles - 	Entry: C:\Users\Deepak\.p2\pool\plugins\org.eclipse.m2e.maven.runtime_3.9.900.20250220-2013\jars\wagon-provider-api-3.5.3.jar
2026-07-27 23:52:24,937 [Worker-30: Launching Executing install in D__seat_booking_app_seat-booking-system] INFO  o.eclipse.m2e.core.internal.Bundles - getClasspathEntries(Bundle=com.google.guava_33.4.8.jre [13])
2026-07-27 23:52:24,938 [Worker-30: Launching Executing install in D__seat_booking_app_seat-booking-system] INFO  o.eclipse.m2e.core.internal.Bundles - 	Entry: C:\Users\Deepak\.p2\pool\plugins\com.google.guava_33.4.8.jre.jar
2026-07-27 23:52:24,938 [Worker-30: Launching Executing install in D__seat_booking_app_seat-booking-system] INFO  o.eclipse.m2e.core.internal.Bundles - getClasspathEntries(Bundle=slf4j.api_2.0.17 [520])
2026-07-27 23:52:24,939 [Worker-30: Launching Executing install in D__seat_booking_app_seat-booking-system] INFO  o.eclipse.m2e.core.internal.Bundles - 	Entry: C:\Users\Deepak\.p2\pool\plugins\slf4j.api_2.0.17.jar
2026-07-27 23:52:24,939 [Worker-30: Launching Executing install in D__seat_booking_app_seat-booking-system] INFO  o.eclipse.m2e.core.internal.Bundles - getClasspathEntries(Bundle=jakarta.inject.jakarta.inject-api_1.0.5 [24])
2026-07-27 23:52:24,939 [Worker-30: Launching Executing install in D__seat_booking_app_seat-booking-system] INFO  o.eclipse.m2e.core.internal.Bundles - 	Entry: C:\Users\Deepak\.p2\pool\plugins\jakarta.inject.jakarta.inject-api_1.0.5.jar
2026-07-27 23:52:24,939 [Worker-30: Launching Executing install in D__seat_booking_app_seat-booking-system] INFO  o.eclipse.m2e.core.internal.Bundles - getClasspathEntries(Bundle=javax.annotation_1.3.5.v20200909-1856 [27])
2026-07-27 23:52:24,940 [Worker-30: Launching Executing install in D__seat_booking_app_seat-booking-system] INFO  o.eclipse.m2e.core.internal.Bundles - 	Entry: C:\Users\Deepak\.p2\pool\plugins\javax.annotation_1.3.5.v20200909-1856.jar
2026-07-27 23:52:24,940 [Worker-30: Launching Executing install in D__seat_booking_app_seat-booking-system] INFO  o.eclipse.m2e.core.internal.Bundles - getClasspathEntries(Bundle=org.apache.commons.cli_1.9.0 [49])
2026-07-27 23:52:24,941 [Worker-30: Launching Executing install in D__seat_booking_app_seat-booking-system] INFO  o.eclipse.m2e.core.internal.Bundles - 	Entry: C:\Users\Deepak\.p2\pool\plugins\org.apache.commons.cli_1.9.0.jar
2026-07-27 23:52:24,941 [Worker-30: Launching Executing install in D__seat_booking_app_seat-booking-system] INFO  o.eclipse.m2e.core.internal.Bundles - getClasspathEntries(Bundle=org.apache.commons.commons-codec_1.16.0 [50])
2026-07-27 23:52:24,942 [Worker-30: Launching Executing install in D__seat_booking_app_seat-booking-system] INFO  o.eclipse.m2e.core.internal.Bundles - 	Entry: C:\Users\Deepak\.p2\pool\plugins\org.apache.commons.commons-codec_1.16.0.jar
2026-07-27 23:52:24,942 [Worker-30: Launching Executing install in D__seat_booking_app_seat-booking-system] INFO  o.eclipse.m2e.core.internal.Bundles - getClasspathEntries(Bundle=com.google.guava.failureaccess_1.0.3 [14])
2026-07-27 23:52:24,942 [Worker-30: Launching Executing install in D__seat_booking_app_seat-booking-system] INFO  o.eclipse.m2e.core.internal.Bundles - 	Entry: C:\Users\Deepak\.p2\pool\plugins\com.google.guava.failureaccess_1.0.3.jar
2026-07-27 23:52:24,944 [Worker-30: Launching Executing install in D__seat_booking_app_seat-booking-system] INFO  o.e.m.i.launch.MavenLaunchDelegate - Run build in "D:\seat_booking_app\seat-booking-system":
2026-07-27 23:52:24,944 [Worker-30: Launching Executing install in D__seat_booking_app_seat-booking-system] INFO  o.e.m.i.launch.MavenLaunchDelegate -  mvn  -B -Dstyle.color=always install
2026-07-27 23:53:19,336 [Worker-27: Building] INFO  o.a.m.s.f.DefaultMavenResourcesFiltering - Copying 2 resources from src\main\resources to target\classes
2026-07-27 23:53:19,343 [Worker-27: Building] INFO  o.a.m.s.f.DefaultMavenResourcesFiltering - Copying 0 resource from src\main\resources to target\classes
2026-07-27 23:53:19,351 [Worker-27: Building] INFO  o.a.m.s.f.DefaultMavenResourcesFiltering - Copying 1 resource from src\test\resources to target\test-classes
2026-07-27 23:53:20,492 [Worker-29: Building] INFO  o.a.m.s.f.DefaultMavenResourcesFiltering - Copying 0 resource from src\main\resources to target\classes
2026-07-27 23:53:20,492 [Worker-29: Building] INFO  o.a.m.s.f.DefaultMavenResourcesFiltering - Copying 0 resource from src\main\resources to target\classes
2026-07-27 23:53:20,494 [Worker-29: Building] INFO  o.a.m.s.f.DefaultMavenResourcesFiltering - Copying 0 resource from src\test\resources to target\test-classes
2026-07-27 23:53:26,516 [Worker-30: Launching Executing clean in D__seat_booking_app_seat-booking-system] INFO  o.eclipse.m2e.core.internal.Bundles - getClasspathEntries(Bundle=org.eclipse.m2e.maven.runtime_3.9.900.20250220-2013 [297])
2026-07-27 23:53:26,517 [Worker-30: Launching Executing clean in D__seat_booking_app_seat-booking-system] INFO  o.eclipse.m2e.core.internal.Bundles - 	Entry: C:\Users\Deepak\.p2\pool\plugins\org.eclipse.m2e.maven.runtime_3.9.900.20250220-2013
2026-07-27 23:53:26,517 [Worker-30: Launching Executing clean in D__seat_booking_app_seat-booking-system] INFO  o.eclipse.m2e.core.internal.Bundles - 	Entry: C:\Users\Deepak\.p2\pool\plugins\org.eclipse.m2e.maven.runtime_3.9.900.20250220-2013\jars\aopalliance-1.0.jar
2026-07-27 23:53:26,517 [Worker-30: Launching Executing clean in D__seat_booking_app_seat-booking-system] INFO  o.eclipse.m2e.core.internal.Bundles - 	Entry: C:\Users\Deepak\.p2\pool\plugins\org.eclipse.m2e.maven.runtime_3.9.900.20250220-2013\jars\guice-5.1.0.jar
2026-07-27 23:53:26,517 [Worker-30: Launching Executing clean in D__seat_booking_app_seat-booking-system] INFO  o.eclipse.m2e.core.internal.Bundles - 	Entry: C:\Users\Deepak\.p2\pool\plugins\org.eclipse.m2e.maven.runtime_3.9.900.20250220-2013\jars\httpclient-4.5.14.jar
2026-07-27 23:53:26,518 [Worker-30: Launching Executing clean in D__seat_booking_app_seat-booking-system] INFO  o.eclipse.m2e.core.internal.Bundles - 	Entry: C:\Users\Deepak\.p2\pool\plugins\org.eclipse.m2e.maven.runtime_3.9.900.20250220-2013\jars\httpcore-4.4.16.jar
2026-07-27 23:53:26,518 [Worker-30: Launching Executing clean in D__seat_booking_app_seat-booking-system] INFO  o.eclipse.m2e.core.internal.Bundles - 	Entry: C:\Users\Deepak\.p2\pool\plugins\org.eclipse.m2e.maven.runtime_3.9.900.20250220-2013\jars\jansi-2.4.1.jar
2026-07-27 23:53:26,518 [Worker-30: Launching Executing clean in D__seat_booking_app_seat-booking-system] INFO  o.eclipse.m2e.core.internal.Bundles - 	Entry: C:\Users\Deepak\.p2\pool\plugins\org.eclipse.m2e.maven.runtime_3.9.900.20250220-2013\jars\jcl-over-slf4j-1.7.36.jar
2026-07-27 23:53:26,518 [Worker-30: Launching Executing clean in D__seat_booking_app_seat-booking-system] INFO  o.eclipse.m2e.core.internal.Bundles - 	Entry: C:\Users\Deepak\.p2\pool\plugins\org.eclipse.m2e.maven.runtime_3.9.900.20250220-2013\jars\maven-artifact-3.9.9.jar
2026-07-27 23:53:26,518 [Worker-30: Launching Executing clean in D__seat_booking_app_seat-booking-system] INFO  o.eclipse.m2e.core.internal.Bundles - 	Entry: C:\Users\Deepak\.p2\pool\plugins\org.eclipse.m2e.maven.runtime_3.9.900.20250220-2013\jars\maven-builder-support-3.9.9.jar
2026-07-27 23:53:26,518 [Worker-30: Launching Executing clean in D__seat_booking_app_seat-booking-system] INFO  o.eclipse.m2e.core.internal.Bundles - 	Entry: C:\Users\Deepak\.p2\pool\plugins\org.eclipse.m2e.maven.runtime_3.9.900.20250220-2013\jars\maven-compat-3.9.9.jar
2026-07-27 23:53:26,518 [Worker-30: Launching Executing clean in D__seat_booking_app_seat-booking-system] INFO  o.eclipse.m2e.core.internal.Bundles - 	Entry: C:\Users\Deepak\.p2\pool\plugins\org.eclipse.m2e.maven.runtime_3.9.900.20250220-2013\jars\maven-core-3.9.9.jar
2026-07-27 23:53:26,518 [Worker-30: Launching Executing clean in D__seat_booking_app_seat-booking-system] INFO  o.eclipse.m2e.core.internal.Bundles - 	Entry: C:\Users\Deepak\.p2\pool\plugins\org.eclipse.m2e.maven.runtime_3.9.900.20250220-2013\jars\maven-embedder-3.9.9.jar
2026-07-27 23:53:26,518 [Worker-30: Launching Executing clean in D__seat_booking_app_seat-booking-system] INFO  o.eclipse.m2e.core.internal.Bundles - 	Entry: C:\Users\Deepak\.p2\pool\plugins\org.eclipse.m2e.maven.runtime_3.9.900.20250220-2013\jars\maven-model-3.9.9.jar
2026-07-27 23:53:26,518 [Worker-30: Launching Executing clean in D__seat_booking_app_seat-booking-system] INFO  o.eclipse.m2e.core.internal.Bundles - 	Entry: C:\Users\Deepak\.p2\pool\plugins\org.eclipse.m2e.maven.runtime_3.9.900.20250220-2013\jars\maven-model-builder-3.9.9.jar
2026-07-27 23:53:26,518 [Worker-30: Launching Executing clean in D__seat_booking_app_seat-booking-system] INFO  o.eclipse.m2e.core.internal.Bundles - 	Entry: C:\Users\Deepak\.p2\pool\plugins\org.eclipse.m2e.maven.runtime_3.9.900.20250220-2013\jars\maven-plugin-api-3.9.9.jar
2026-07-27 23:53:26,518 [Worker-30: Launching Executing clean in D__seat_booking_app_seat-booking-system] INFO  o.eclipse.m2e.core.internal.Bundles - 	Entry: C:\Users\Deepak\.p2\pool\plugins\org.eclipse.m2e.maven.runtime_3.9.900.20250220-2013\jars\maven-repository-metadata-3.9.9.jar
2026-07-27 23:53:26,518 [Worker-30: Launching Executing clean in D__seat_booking_app_seat-booking-system] INFO  o.eclipse.m2e.core.internal.Bundles - 	Entry: C:\Users\Deepak\.p2\pool\plugins\org.eclipse.m2e.maven.runtime_3.9.900.20250220-2013\jars\maven-resolver-api-1.9.22.jar
2026-07-27 23:53:26,519 [Worker-30: Launching Executing clean in D__seat_booking_app_seat-booking-system] INFO  o.eclipse.m2e.core.internal.Bundles - 	Entry: C:\Users\Deepak\.p2\pool\plugins\org.eclipse.m2e.maven.runtime_3.9.900.20250220-2013\jars\maven-resolver-connector-basic-1.9.22.jar
2026-07-27 23:53:26,519 [Worker-30: Launching Executing clean in D__seat_booking_app_seat-booking-system] INFO  o.eclipse.m2e.core.internal.Bundles - 	Entry: C:\Users\Deepak\.p2\pool\plugins\org.eclipse.m2e.maven.runtime_3.9.900.20250220-2013\jars\maven-resolver-impl-1.9.22.jar
2026-07-27 23:53:26,519 [Worker-30: Launching Executing clean in D__seat_booking_app_seat-booking-system] INFO  o.eclipse.m2e.core.internal.Bundles - 	Entry: C:\Users\Deepak\.p2\pool\plugins\org.eclipse.m2e.maven.runtime_3.9.900.20250220-2013\jars\maven-resolver-named-locks-1.9.22.jar
2026-07-27 23:53:26,519 [Worker-30: Launching Executing clean in D__seat_booking_app_seat-booking-system] INFO  o.eclipse.m2e.core.internal.Bundles - 	Entry: C:\Users\Deepak\.p2\pool\plugins\org.eclipse.m2e.maven.runtime_3.9.900.20250220-2013\jars\maven-resolver-provider-3.9.9.jar
2026-07-27 23:53:26,519 [Worker-30: Launching Executing clean in D__seat_booking_app_seat-booking-system] INFO  o.eclipse.m2e.core.internal.Bundles - 	Entry: C:\Users\Deepak\.p2\pool\plugins\org.eclipse.m2e.maven.runtime_3.9.900.20250220-2013\jars\maven-resolver-spi-1.9.22.jar
2026-07-27 23:53:26,519 [Worker-30: Launching Executing clean in D__seat_booking_app_seat-booking-system] INFO  o.eclipse.m2e.core.internal.Bundles - 	Entry: C:\Users\Deepak\.p2\pool\plugins\org.eclipse.m2e.maven.runtime_3.9.900.20250220-2013\jars\maven-resolver-transport-file-1.9.22.jar
2026-07-27 23:53:26,519 [Worker-30: Launching Executing clean in D__seat_booking_app_seat-booking-system] INFO  o.eclipse.m2e.core.internal.Bundles - 	Entry: C:\Users\Deepak\.p2\pool\plugins\org.eclipse.m2e.maven.runtime_3.9.900.20250220-2013\jars\maven-resolver-transport-http-1.9.22.jar
2026-07-27 23:53:26,519 [Worker-30: Launching Executing clean in D__seat_booking_app_seat-booking-system] INFO  o.eclipse.m2e.core.internal.Bundles - 	Entry: C:\Users\Deepak\.p2\pool\plugins\org.eclipse.m2e.maven.runtime_3.9.900.20250220-2013\jars\maven-resolver-transport-wagon-1.9.22.jar
2026-07-27 23:53:26,520 [Worker-30: Launching Executing clean in D__seat_booking_app_seat-booking-system] INFO  o.eclipse.m2e.core.internal.Bundles - 	Entry: C:\Users\Deepak\.p2\pool\plugins\org.eclipse.m2e.maven.runtime_3.9.900.20250220-2013\jars\maven-resolver-util-1.9.22.jar
2026-07-27 23:53:26,520 [Worker-30: Launching Executing clean in D__seat_booking_app_seat-booking-system] INFO  o.eclipse.m2e.core.internal.Bundles - 	Entry: C:\Users\Deepak\.p2\pool\plugins\org.eclipse.m2e.maven.runtime_3.9.900.20250220-2013\jars\maven-settings-3.9.9.jar
2026-07-27 23:53:26,520 [Worker-30: Launching Executing clean in D__seat_booking_app_seat-booking-system] INFO  o.eclipse.m2e.core.internal.Bundles - 	Entry: C:\Users\Deepak\.p2\pool\plugins\org.eclipse.m2e.maven.runtime_3.9.900.20250220-2013\jars\maven-settings-builder-3.9.9.jar
2026-07-27 23:53:26,520 [Worker-30: Launching Executing clean in D__seat_booking_app_seat-booking-system] INFO  o.eclipse.m2e.core.internal.Bundles - 	Entry: C:\Users\Deepak\.p2\pool\plugins\org.eclipse.m2e.maven.runtime_3.9.900.20250220-2013\jars\maven-shared-utils-3.4.2.jar
2026-07-27 23:53:26,520 [Worker-30: Launching Executing clean in D__seat_booking_app_seat-booking-system] INFO  o.eclipse.m2e.core.internal.Bundles - 	Entry: C:\Users\Deepak\.p2\pool\plugins\org.eclipse.m2e.maven.runtime_3.9.900.20250220-2013\jars\org.eclipse.sisu.inject-0.9.0.M3.jar
2026-07-27 23:53:26,520 [Worker-30: Launching Executing clean in D__seat_booking_app_seat-booking-system] INFO  o.eclipse.m2e.core.internal.Bundles - 	Entry: C:\Users\Deepak\.p2\pool\plugins\org.eclipse.m2e.maven.runtime_3.9.900.20250220-2013\jars\org.eclipse.sisu.plexus-0.9.0.M3.jar
2026-07-27 23:53:26,520 [Worker-30: Launching Executing clean in D__seat_booking_app_seat-booking-system] INFO  o.eclipse.m2e.core.internal.Bundles - 	Entry: C:\Users\Deepak\.p2\pool\plugins\org.eclipse.m2e.maven.runtime_3.9.900.20250220-2013\jars\plexus-build-api-0.0.7.jar
2026-07-27 23:53:26,521 [Worker-30: Launching Executing clean in D__seat_booking_app_seat-booking-system] INFO  o.eclipse.m2e.core.internal.Bundles - 	Entry: C:\Users\Deepak\.p2\pool\plugins\org.eclipse.m2e.maven.runtime_3.9.900.20250220-2013\jars\plexus-build-api-1.2.0.jar
2026-07-27 23:53:26,521 [Worker-30: Launching Executing clean in D__seat_booking_app_seat-booking-system] INFO  o.eclipse.m2e.core.internal.Bundles - 	Entry: C:\Users\Deepak\.p2\pool\plugins\org.eclipse.m2e.maven.runtime_3.9.900.20250220-2013\jars\plexus-cipher-2.0.jar
2026-07-27 23:53:26,521 [Worker-30: Launching Executing clean in D__seat_booking_app_seat-booking-system] INFO  o.eclipse.m2e.core.internal.Bundles - 	Entry: C:\Users\Deepak\.p2\pool\plugins\org.eclipse.m2e.maven.runtime_3.9.900.20250220-2013\jars\plexus-classworlds-2.8.0.jar
2026-07-27 23:53:26,521 [Worker-30: Launching Executing clean in D__seat_booking_app_seat-booking-system] INFO  o.eclipse.m2e.core.internal.Bundles - 	Entry: C:\Users\Deepak\.p2\pool\plugins\org.eclipse.m2e.maven.runtime_3.9.900.20250220-2013\jars\plexus-component-annotations-2.1.0.jar
2026-07-27 23:53:26,522 [Worker-30: Launching Executing clean in D__seat_booking_app_seat-booking-system] INFO  o.eclipse.m2e.core.internal.Bundles - 	Entry: C:\Users\Deepak\.p2\pool\plugins\org.eclipse.m2e.maven.runtime_3.9.900.20250220-2013\jars\plexus-interpolation-1.27.jar
2026-07-27 23:53:26,522 [Worker-30: Launching Executing clean in D__seat_booking_app_seat-booking-system] INFO  o.eclipse.m2e.core.internal.Bundles - 	Entry: C:\Users\Deepak\.p2\pool\plugins\org.eclipse.m2e.maven.runtime_3.9.900.20250220-2013\jars\plexus-sec-dispatcher-2.0.jar
2026-07-27 23:53:26,522 [Worker-30: Launching Executing clean in D__seat_booking_app_seat-booking-system] INFO  o.eclipse.m2e.core.internal.Bundles - 	Entry: C:\Users\Deepak\.p2\pool\plugins\org.eclipse.m2e.maven.runtime_3.9.900.20250220-2013\jars\plexus-utils-3.5.1.jar
2026-07-27 23:53:26,522 [Worker-30: Launching Executing clean in D__seat_booking_app_seat-booking-system] INFO  o.eclipse.m2e.core.internal.Bundles - 	Entry: C:\Users\Deepak\.p2\pool\plugins\org.eclipse.m2e.maven.runtime_3.9.900.20250220-2013\jars\plexus-xml-3.0.1.jar
2026-07-27 23:53:26,522 [Worker-30: Launching Executing clean in D__seat_booking_app_seat-booking-system] INFO  o.eclipse.m2e.core.internal.Bundles - 	Entry: C:\Users\Deepak\.p2\pool\plugins\org.eclipse.m2e.maven.runtime_3.9.900.20250220-2013\jars\wagon-file-3.5.3.jar
2026-07-27 23:53:26,523 [Worker-30: Launching Executing clean in D__seat_booking_app_seat-booking-system] INFO  o.eclipse.m2e.core.internal.Bundles - 	Entry: C:\Users\Deepak\.p2\pool\plugins\org.eclipse.m2e.maven.runtime_3.9.900.20250220-2013\jars\wagon-http-3.5.3.jar
2026-07-27 23:53:26,523 [Worker-30: Launching Executing clean in D__seat_booking_app_seat-booking-system] INFO  o.eclipse.m2e.core.internal.Bundles - 	Entry: C:\Users\Deepak\.p2\pool\plugins\org.eclipse.m2e.maven.runtime_3.9.900.20250220-2013\jars\wagon-http-shared-3.5.3.jar
2026-07-27 23:53:26,523 [Worker-30: Launching Executing clean in D__seat_booking_app_seat-booking-system] INFO  o.eclipse.m2e.core.internal.Bundles - 	Entry: C:\Users\Deepak\.p2\pool\plugins\org.eclipse.m2e.maven.runtime_3.9.900.20250220-2013\jars\wagon-provider-api-3.5.3.jar
2026-07-27 23:53:26,523 [Worker-30: Launching Executing clean in D__seat_booking_app_seat-booking-system] INFO  o.eclipse.m2e.core.internal.Bundles - getClasspathEntries(Bundle=com.google.guava_33.4.8.jre [13])
2026-07-27 23:53:26,524 [Worker-30: Launching Executing clean in D__seat_booking_app_seat-booking-system] INFO  o.eclipse.m2e.core.internal.Bundles - 	Entry: C:\Users\Deepak\.p2\pool\plugins\com.google.guava_33.4.8.jre.jar
2026-07-27 23:53:26,524 [Worker-30: Launching Executing clean in D__seat_booking_app_seat-booking-system] INFO  o.eclipse.m2e.core.internal.Bundles - getClasspathEntries(Bundle=slf4j.api_2.0.17 [520])
2026-07-27 23:53:26,524 [Worker-30: Launching Executing clean in D__seat_booking_app_seat-booking-system] INFO  o.eclipse.m2e.core.internal.Bundles - 	Entry: C:\Users\Deepak\.p2\pool\plugins\slf4j.api_2.0.17.jar
2026-07-27 23:53:26,524 [Worker-30: Launching Executing clean in D__seat_booking_app_seat-booking-system] INFO  o.eclipse.m2e.core.internal.Bundles - getClasspathEntries(Bundle=jakarta.inject.jakarta.inject-api_1.0.5 [24])
2026-07-27 23:53:26,525 [Worker-30: Launching Executing clean in D__seat_booking_app_seat-booking-system] INFO  o.eclipse.m2e.core.internal.Bundles - 	Entry: C:\Users\Deepak\.p2\pool\plugins\jakarta.inject.jakarta.inject-api_1.0.5.jar
2026-07-27 23:53:26,525 [Worker-30: Launching Executing clean in D__seat_booking_app_seat-booking-system] INFO  o.eclipse.m2e.core.internal.Bundles - getClasspathEntries(Bundle=javax.annotation_1.3.5.v20200909-1856 [27])
2026-07-27 23:53:26,526 [Worker-30: Launching Executing clean in D__seat_booking_app_seat-booking-system] INFO  o.eclipse.m2e.core.internal.Bundles - 	Entry: C:\Users\Deepak\.p2\pool\plugins\javax.annotation_1.3.5.v20200909-1856.jar
2026-07-27 23:53:26,526 [Worker-30: Launching Executing clean in D__seat_booking_app_seat-booking-system] INFO  o.eclipse.m2e.core.internal.Bundles - getClasspathEntries(Bundle=org.apache.commons.cli_1.9.0 [49])
2026-07-27 23:53:26,526 [Worker-30: Launching Executing clean in D__seat_booking_app_seat-booking-system] INFO  o.eclipse.m2e.core.internal.Bundles - 	Entry: C:\Users\Deepak\.p2\pool\plugins\org.apache.commons.cli_1.9.0.jar
2026-07-27 23:53:26,526 [Worker-30: Launching Executing clean in D__seat_booking_app_seat-booking-system] INFO  o.eclipse.m2e.core.internal.Bundles - getClasspathEntries(Bundle=org.apache.commons.commons-codec_1.16.0 [50])
2026-07-27 23:53:26,526 [Worker-30: Launching Executing clean in D__seat_booking_app_seat-booking-system] INFO  o.eclipse.m2e.core.internal.Bundles - 	Entry: C:\Users\Deepak\.p2\pool\plugins\org.apache.commons.commons-codec_1.16.0.jar
2026-07-27 23:53:26,526 [Worker-30: Launching Executing clean in D__seat_booking_app_seat-booking-system] INFO  o.eclipse.m2e.core.internal.Bundles - getClasspathEntries(Bundle=com.google.guava.failureaccess_1.0.3 [14])
2026-07-27 23:53:26,526 [Worker-30: Launching Executing clean in D__seat_booking_app_seat-booking-system] INFO  o.eclipse.m2e.core.internal.Bundles - 	Entry: C:\Users\Deepak\.p2\pool\plugins\com.google.guava.failureaccess_1.0.3.jar
2026-07-27 23:53:26,528 [Worker-30: Launching Executing clean in D__seat_booking_app_seat-booking-system] INFO  o.e.m.i.launch.MavenLaunchDelegate - Run build in "D:\seat_booking_app\seat-booking-system":
2026-07-27 23:53:26,528 [Worker-30: Launching Executing clean in D__seat_booking_app_seat-booking-system] INFO  o.e.m.i.launch.MavenLaunchDelegate -  mvn  -B -Dstyle.color=always clean
2026-07-27 23:53:29,231 [Worker-28: Building] INFO  o.a.m.s.f.DefaultMavenResourcesFiltering - Copying 2 resources from src\main\resources to target\classes
2026-07-27 23:53:29,234 [Worker-28: Building] INFO  o.a.m.s.f.DefaultMavenResourcesFiltering - Copying 0 resource from src\main\resources to target\classes
2026-07-27 23:53:29,236 [Worker-28: Building] INFO  o.a.m.s.f.DefaultMavenResourcesFiltering - Copying 1 resource from src\test\resources to target\test-classes
2026-07-27 23:53:33,033 [Worker-30: Launching Executing install in D__seat_booking_app_seat-booking-system] INFO  o.eclipse.m2e.core.internal.Bundles - getClasspathEntries(Bundle=org.eclipse.m2e.maven.runtime_3.9.900.20250220-2013 [297])
2026-07-27 23:53:33,034 [Worker-30: Launching Executing install in D__seat_booking_app_seat-booking-system] INFO  o.eclipse.m2e.core.internal.Bundles - 	Entry: C:\Users\Deepak\.p2\pool\plugins\org.eclipse.m2e.maven.runtime_3.9.900.20250220-2013
2026-07-27 23:53:33,035 [Worker-30: Launching Executing install in D__seat_booking_app_seat-booking-system] INFO  o.eclipse.m2e.core.internal.Bundles - 	Entry: C:\Users\Deepak\.p2\pool\plugins\org.eclipse.m2e.maven.runtime_3.9.900.20250220-2013\jars\aopalliance-1.0.jar
2026-07-27 23:53:33,035 [Worker-30: Launching Executing install in D__seat_booking_app_seat-booking-system] INFO  o.eclipse.m2e.core.internal.Bundles - 	Entry: C:\Users\Deepak\.p2\pool\plugins\org.eclipse.m2e.maven.runtime_3.9.900.20250220-2013\jars\guice-5.1.0.jar
2026-07-27 23:53:33,035 [Worker-30: Launching Executing install in D__seat_booking_app_seat-booking-system] INFO  o.eclipse.m2e.core.internal.Bundles - 	Entry: C:\Users\Deepak\.p2\pool\plugins\org.eclipse.m2e.maven.runtime_3.9.900.20250220-2013\jars\httpclient-4.5.14.jar
2026-07-27 23:53:33,036 [Worker-30: Launching Executing install in D__seat_booking_app_seat-booking-system] INFO  o.eclipse.m2e.core.internal.Bundles - 	Entry: C:\Users\Deepak\.p2\pool\plugins\org.eclipse.m2e.maven.runtime_3.9.900.20250220-2013\jars\httpcore-4.4.16.jar
2026-07-27 23:53:33,036 [Worker-30: Launching Executing install in D__seat_booking_app_seat-booking-system] INFO  o.eclipse.m2e.core.internal.Bundles - 	Entry: C:\Users\Deepak\.p2\pool\plugins\org.eclipse.m2e.maven.runtime_3.9.900.20250220-2013\jars\jansi-2.4.1.jar
2026-07-27 23:53:33,036 [Worker-30: Launching Executing install in D__seat_booking_app_seat-booking-system] INFO  o.eclipse.m2e.core.internal.Bundles - 	Entry: C:\Users\Deepak\.p2\pool\plugins\org.eclipse.m2e.maven.runtime_3.9.900.20250220-2013\jars\jcl-over-slf4j-1.7.36.jar
2026-07-27 23:53:33,038 [Worker-30: Launching Executing install in D__seat_booking_app_seat-booking-system] INFO  o.eclipse.m2e.core.internal.Bundles - 	Entry: C:\Users\Deepak\.p2\pool\plugins\org.eclipse.m2e.maven.runtime_3.9.900.20250220-2013\jars\maven-artifact-3.9.9.jar
2026-07-27 23:53:33,038 [Worker-30: Launching Executing install in D__seat_booking_app_seat-booking-system] INFO  o.eclipse.m2e.core.internal.Bundles - 	Entry: C:\Users\Deepak\.p2\pool\plugins\org.eclipse.m2e.maven.runtime_3.9.900.20250220-2013\jars\maven-builder-support-3.9.9.jar
2026-07-27 23:53:33,038 [Worker-30: Launching Executing install in D__seat_booking_app_seat-booking-system] INFO  o.eclipse.m2e.core.internal.Bundles - 	Entry: C:\Users\Deepak\.p2\pool\plugins\org.eclipse.m2e.maven.runtime_3.9.900.20250220-2013\jars\maven-compat-3.9.9.jar
2026-07-27 23:53:33,039 [Worker-30: Launching Executing install in D__seat_booking_app_seat-booking-system] INFO  o.eclipse.m2e.core.internal.Bundles - 	Entry: C:\Users\Deepak\.p2\pool\plugins\org.eclipse.m2e.maven.runtime_3.9.900.20250220-2013\jars\maven-core-3.9.9.jar
2026-07-27 23:53:33,039 [Worker-30: Launching Executing install in D__seat_booking_app_seat-booking-system] INFO  o.eclipse.m2e.core.internal.Bundles - 	Entry: C:\Users\Deepak\.p2\pool\plugins\org.eclipse.m2e.maven.runtime_3.9.900.20250220-2013\jars\maven-embedder-3.9.9.jar
2026-07-27 23:53:33,040 [Worker-30: Launching Executing install in D__seat_booking_app_seat-booking-system] INFO  o.eclipse.m2e.core.internal.Bundles - 	Entry: C:\Users\Deepak\.p2\pool\plugins\org.eclipse.m2e.maven.runtime_3.9.900.20250220-2013\jars\maven-model-3.9.9.jar
2026-07-27 23:53:33,040 [Worker-30: Launching Executing install in D__seat_booking_app_seat-booking-system] INFO  o.eclipse.m2e.core.internal.Bundles - 	Entry: C:\Users\Deepak\.p2\pool\plugins\org.eclipse.m2e.maven.runtime_3.9.900.20250220-2013\jars\maven-model-builder-3.9.9.jar
2026-07-27 23:53:33,040 [Worker-30: Launching Executing install in D__seat_booking_app_seat-booking-system] INFO  o.eclipse.m2e.core.internal.Bundles - 	Entry: C:\Users\Deepak\.p2\pool\plugins\org.eclipse.m2e.maven.runtime_3.9.900.20250220-2013\jars\maven-plugin-api-3.9.9.jar
2026-07-27 23:53:33,040 [Worker-30: Launching Executing install in D__seat_booking_app_seat-booking-system] INFO  o.eclipse.m2e.core.internal.Bundles - 	Entry: C:\Users\Deepak\.p2\pool\plugins\org.eclipse.m2e.maven.runtime_3.9.900.20250220-2013\jars\maven-repository-metadata-3.9.9.jar
2026-07-27 23:53:33,041 [Worker-30: Launching Executing install in D__seat_booking_app_seat-booking-system] INFO  o.eclipse.m2e.core.internal.Bundles - 	Entry: C:\Users\Deepak\.p2\pool\plugins\org.eclipse.m2e.maven.runtime_3.9.900.20250220-2013\jars\maven-resolver-api-1.9.22.jar
2026-07-27 23:53:33,041 [Worker-30: Launching Executing install in D__seat_booking_app_seat-booking-system] INFO  o.eclipse.m2e.core.internal.Bundles - 	Entry: C:\Users\Deepak\.p2\pool\plugins\org.eclipse.m2e.maven.runtime_3.9.900.20250220-2013\jars\maven-resolver-connector-basic-1.9.22.jar
2026-07-27 23:53:33,041 [Worker-30: Launching Executing install in D__seat_booking_app_seat-booking-system] INFO  o.eclipse.m2e.core.internal.Bundles - 	Entry: C:\Users\Deepak\.p2\pool\plugins\org.eclipse.m2e.maven.runtime_3.9.900.20250220-2013\jars\maven-resolver-impl-1.9.22.jar
2026-07-27 23:53:33,042 [Worker-30: Launching Executing install in D__seat_booking_app_seat-booking-system] INFO  o.eclipse.m2e.core.internal.Bundles - 	Entry: C:\Users\Deepak\.p2\pool\plugins\org.eclipse.m2e.maven.runtime_3.9.900.20250220-2013\jars\maven-resolver-named-locks-1.9.22.jar
2026-07-27 23:53:33,042 [Worker-30: Launching Executing install in D__seat_booking_app_seat-booking-system] INFO  o.eclipse.m2e.core.internal.Bundles - 	Entry: C:\Users\Deepak\.p2\pool\plugins\org.eclipse.m2e.maven.runtime_3.9.900.20250220-2013\jars\maven-resolver-provider-3.9.9.jar
2026-07-27 23:53:33,042 [Worker-30: Launching Executing install in D__seat_booking_app_seat-booking-system] INFO  o.eclipse.m2e.core.internal.Bundles - 	Entry: C:\Users\Deepak\.p2\pool\plugins\org.eclipse.m2e.maven.runtime_3.9.900.20250220-2013\jars\maven-resolver-spi-1.9.22.jar
2026-07-27 23:53:33,042 [Worker-30: Launching Executing install in D__seat_booking_app_seat-booking-system] INFO  o.eclipse.m2e.core.internal.Bundles - 	Entry: C:\Users\Deepak\.p2\pool\plugins\org.eclipse.m2e.maven.runtime_3.9.900.20250220-2013\jars\maven-resolver-transport-file-1.9.22.jar
2026-07-27 23:53:33,042 [Worker-30: Launching Executing install in D__seat_booking_app_seat-booking-system] INFO  o.eclipse.m2e.core.internal.Bundles - 	Entry: C:\Users\Deepak\.p2\pool\plugins\org.eclipse.m2e.maven.runtime_3.9.900.20250220-2013\jars\maven-resolver-transport-http-1.9.22.jar
2026-07-27 23:53:33,043 [Worker-30: Launching Executing install in D__seat_booking_app_seat-booking-system] INFO  o.eclipse.m2e.core.internal.Bundles - 	Entry: C:\Users\Deepak\.p2\pool\plugins\org.eclipse.m2e.maven.runtime_3.9.900.20250220-2013\jars\maven-resolver-transport-wagon-1.9.22.jar
2026-07-27 23:53:33,043 [Worker-30: Launching Executing install in D__seat_booking_app_seat-booking-system] INFO  o.eclipse.m2e.core.internal.Bundles - 	Entry: C:\Users\Deepak\.p2\pool\plugins\org.eclipse.m2e.maven.runtime_3.9.900.20250220-2013\jars\maven-resolver-util-1.9.22.jar
2026-07-27 23:53:33,043 [Worker-30: Launching Executing install in D__seat_booking_app_seat-booking-system] INFO  o.eclipse.m2e.core.internal.Bundles - 	Entry: C:\Users\Deepak\.p2\pool\plugins\org.eclipse.m2e.maven.runtime_3.9.900.20250220-2013\jars\maven-settings-3.9.9.jar
2026-07-27 23:53:33,043 [Worker-30: Launching Executing install in D__seat_booking_app_seat-booking-system] INFO  o.eclipse.m2e.core.internal.Bundles - 	Entry: C:\Users\Deepak\.p2\pool\plugins\org.eclipse.m2e.maven.runtime_3.9.900.20250220-2013\jars\maven-settings-builder-3.9.9.jar
2026-07-27 23:53:33,044 [Worker-30: Launching Executing install in D__seat_booking_app_seat-booking-system] INFO  o.eclipse.m2e.core.internal.Bundles - 	Entry: C:\Users\Deepak\.p2\pool\plugins\org.eclipse.m2e.maven.runtime_3.9.900.20250220-2013\jars\maven-shared-utils-3.4.2.jar
2026-07-27 23:53:33,044 [Worker-30: Launching Executing install in D__seat_booking_app_seat-booking-system] INFO  o.eclipse.m2e.core.internal.Bundles - 	Entry: C:\Users\Deepak\.p2\pool\plugins\org.eclipse.m2e.maven.runtime_3.9.900.20250220-2013\jars\org.eclipse.sisu.inject-0.9.0.M3.jar
2026-07-27 23:53:33,044 [Worker-30: Launching Executing install in D__seat_booking_app_seat-booking-system] INFO  o.eclipse.m2e.core.internal.Bundles - 	Entry: C:\Users\Deepak\.p2\pool\plugins\org.eclipse.m2e.maven.runtime_3.9.900.20250220-2013\jars\org.eclipse.sisu.plexus-0.9.0.M3.jar
2026-07-27 23:53:33,044 [Worker-30: Launching Executing install in D__seat_booking_app_seat-booking-system] INFO  o.eclipse.m2e.core.internal.Bundles - 	Entry: C:\Users\Deepak\.p2\pool\plugins\org.eclipse.m2e.maven.runtime_3.9.900.20250220-2013\jars\plexus-build-api-0.0.7.jar
2026-07-27 23:53:33,044 [Worker-30: Launching Executing install in D__seat_booking_app_seat-booking-system] INFO  o.eclipse.m2e.core.internal.Bundles - 	Entry: C:\Users\Deepak\.p2\pool\plugins\org.eclipse.m2e.maven.runtime_3.9.900.20250220-2013\jars\plexus-build-api-1.2.0.jar
2026-07-27 23:53:33,044 [Worker-30: Launching Executing install in D__seat_booking_app_seat-booking-system] INFO  o.eclipse.m2e.core.internal.Bundles - 	Entry: C:\Users\Deepak\.p2\pool\plugins\org.eclipse.m2e.maven.runtime_3.9.900.20250220-2013\jars\plexus-cipher-2.0.jar
2026-07-27 23:53:33,045 [Worker-30: Launching Executing install in D__seat_booking_app_seat-booking-system] INFO  o.eclipse.m2e.core.internal.Bundles - 	Entry: C:\Users\Deepak\.p2\pool\plugins\org.eclipse.m2e.maven.runtime_3.9.900.20250220-2013\jars\plexus-classworlds-2.8.0.jar
2026-07-27 23:53:33,045 [Worker-30: Launching Executing install in D__seat_booking_app_seat-booking-system] INFO  o.eclipse.m2e.core.internal.Bundles - 	Entry: C:\Users\Deepak\.p2\pool\plugins\org.eclipse.m2e.maven.runtime_3.9.900.20250220-2013\jars\plexus-component-annotations-2.1.0.jar
2026-07-27 23:53:33,045 [Worker-30: Launching Executing install in D__seat_booking_app_seat-booking-system] INFO  o.eclipse.m2e.core.internal.Bundles - 	Entry: C:\Users\Deepak\.p2\pool\plugins\org.eclipse.m2e.maven.runtime_3.9.900.20250220-2013\jars\plexus-interpolation-1.27.jar
2026-07-27 23:53:33,045 [Worker-30: Launching Executing install in D__seat_booking_app_seat-booking-system] INFO  o.eclipse.m2e.core.internal.Bundles - 	Entry: C:\Users\Deepak\.p2\pool\plugins\org.eclipse.m2e.maven.runtime_3.9.900.20250220-2013\jars\plexus-sec-dispatcher-2.0.jar
2026-07-27 23:53:33,046 [Worker-30: Launching Executing install in D__seat_booking_app_seat-booking-system] INFO  o.eclipse.m2e.core.internal.Bundles - 	Entry: C:\Users\Deepak\.p2\pool\plugins\org.eclipse.m2e.maven.runtime_3.9.900.20250220-2013\jars\plexus-utils-3.5.1.jar
2026-07-27 23:53:33,046 [Worker-30: Launching Executing install in D__seat_booking_app_seat-booking-system] INFO  o.eclipse.m2e.core.internal.Bundles - 	Entry: C:\Users\Deepak\.p2\pool\plugins\org.eclipse.m2e.maven.runtime_3.9.900.20250220-2013\jars\plexus-xml-3.0.1.jar
2026-07-27 23:53:33,046 [Worker-30: Launching Executing install in D__seat_booking_app_seat-booking-system] INFO  o.eclipse.m2e.core.internal.Bundles - 	Entry: C:\Users\Deepak\.p2\pool\plugins\org.eclipse.m2e.maven.runtime_3.9.900.20250220-2013\jars\wagon-file-3.5.3.jar
2026-07-27 23:53:33,046 [Worker-30: Launching Executing install in D__seat_booking_app_seat-booking-system] INFO  o.eclipse.m2e.core.internal.Bundles - 	Entry: C:\Users\Deepak\.p2\pool\plugins\org.eclipse.m2e.maven.runtime_3.9.900.20250220-2013\jars\wagon-http-3.5.3.jar
2026-07-27 23:53:33,046 [Worker-30: Launching Executing install in D__seat_booking_app_seat-booking-system] INFO  o.eclipse.m2e.core.internal.Bundles - 	Entry: C:\Users\Deepak\.p2\pool\plugins\org.eclipse.m2e.maven.runtime_3.9.900.20250220-2013\jars\wagon-http-shared-3.5.3.jar
2026-07-27 23:53:33,047 [Worker-30: Launching Executing install in D__seat_booking_app_seat-booking-system] INFO  o.eclipse.m2e.core.internal.Bundles - 	Entry: C:\Users\Deepak\.p2\pool\plugins\org.eclipse.m2e.maven.runtime_3.9.900.20250220-2013\jars\wagon-provider-api-3.5.3.jar
2026-07-27 23:53:33,047 [Worker-30: Launching Executing install in D__seat_booking_app_seat-booking-system] INFO  o.eclipse.m2e.core.internal.Bundles - getClasspathEntries(Bundle=com.google.guava_33.4.8.jre [13])
2026-07-27 23:53:33,048 [Worker-30: Launching Executing install in D__seat_booking_app_seat-booking-system] INFO  o.eclipse.m2e.core.internal.Bundles - 	Entry: C:\Users\Deepak\.p2\pool\plugins\com.google.guava_33.4.8.jre.jar
2026-07-27 23:53:33,048 [Worker-30: Launching Executing install in D__seat_booking_app_seat-booking-system] INFO  o.eclipse.m2e.core.internal.Bundles - getClasspathEntries(Bundle=slf4j.api_2.0.17 [520])
2026-07-27 23:53:33,049 [Worker-30: Launching Executing install in D__seat_booking_app_seat-booking-system] INFO  o.eclipse.m2e.core.internal.Bundles - 	Entry: C:\Users\Deepak\.p2\pool\plugins\slf4j.api_2.0.17.jar
2026-07-27 23:53:33,049 [Worker-30: Launching Executing install in D__seat_booking_app_seat-booking-system] INFO  o.eclipse.m2e.core.internal.Bundles - getClasspathEntries(Bundle=jakarta.inject.jakarta.inject-api_1.0.5 [24])
2026-07-27 23:53:33,050 [Worker-30: Launching Executing install in D__seat_booking_app_seat-booking-system] INFO  o.eclipse.m2e.core.internal.Bundles - 	Entry: C:\Users\Deepak\.p2\pool\plugins\jakarta.inject.jakarta.inject-api_1.0.5.jar
2026-07-27 23:53:33,050 [Worker-30: Launching Executing install in D__seat_booking_app_seat-booking-system] INFO  o.eclipse.m2e.core.internal.Bundles - getClasspathEntries(Bundle=javax.annotation_1.3.5.v20200909-1856 [27])
2026-07-27 23:53:33,050 [Worker-30: Launching Executing install in D__seat_booking_app_seat-booking-system] INFO  o.eclipse.m2e.core.internal.Bundles - 	Entry: C:\Users\Deepak\.p2\pool\plugins\javax.annotation_1.3.5.v20200909-1856.jar
2026-07-27 23:53:33,050 [Worker-30: Launching Executing install in D__seat_booking_app_seat-booking-system] INFO  o.eclipse.m2e.core.internal.Bundles - getClasspathEntries(Bundle=org.apache.commons.cli_1.9.0 [49])
2026-07-27 23:53:33,051 [Worker-30: Launching Executing install in D__seat_booking_app_seat-booking-system] INFO  o.eclipse.m2e.core.internal.Bundles - 	Entry: C:\Users\Deepak\.p2\pool\plugins\org.apache.commons.cli_1.9.0.jar
2026-07-27 23:53:33,051 [Worker-30: Launching Executing install in D__seat_booking_app_seat-booking-system] INFO  o.eclipse.m2e.core.internal.Bundles - getClasspathEntries(Bundle=org.apache.commons.commons-codec_1.16.0 [50])
2026-07-27 23:53:33,051 [Worker-30: Launching Executing install in D__seat_booking_app_seat-booking-system] INFO  o.eclipse.m2e.core.internal.Bundles - 	Entry: C:\Users\Deepak\.p2\pool\plugins\org.apache.commons.commons-codec_1.16.0.jar
2026-07-27 23:53:33,052 [Worker-30: Launching Executing install in D__seat_booking_app_seat-booking-system] INFO  o.eclipse.m2e.core.internal.Bundles - getClasspathEntries(Bundle=com.google.guava.failureaccess_1.0.3 [14])
2026-07-27 23:53:33,052 [Worker-30: Launching Executing install in D__seat_booking_app_seat-booking-system] INFO  o.eclipse.m2e.core.internal.Bundles - 	Entry: C:\Users\Deepak\.p2\pool\plugins\com.google.guava.failureaccess_1.0.3.jar
2026-07-27 23:53:33,053 [Worker-30: Launching Executing install in D__seat_booking_app_seat-booking-system] INFO  o.e.m.i.launch.MavenLaunchDelegate - Run build in "D:\seat_booking_app\seat-booking-system":
2026-07-27 23:53:33,054 [Worker-30: Launching Executing install in D__seat_booking_app_seat-booking-system] INFO  o.e.m.i.launch.MavenLaunchDelegate -  mvn  -B -Dstyle.color=always install
2026-07-29 23:05:52,904 [Worker-97: Building] INFO  o.a.m.s.f.DefaultMavenResourcesFiltering - Copying 2 resources from src\main\resources to target\classes
2026-07-29 23:05:53,452 [Worker-97: Building] INFO  o.a.m.s.f.DefaultMavenResourcesFiltering - Copying 0 resource from src\main\resources to target\classes
2026-07-29 23:05:53,456 [Worker-97: Building] INFO  o.a.m.s.f.DefaultMavenResourcesFiltering - Copying 0 resource from src\test\resources to target\test-classes
2026-07-29 23:06:21,656 [Worker-98: Launching Executing clean in D__seat_booking_app_seat-booking-system] INFO  o.eclipse.m2e.core.internal.Bundles - getClasspathEntries(Bundle=org.eclipse.m2e.maven.runtime_3.9.900.20250220-2013 [297])
2026-07-29 23:06:21,659 [Worker-98: Launching Executing clean in D__seat_booking_app_seat-booking-system] INFO  o.eclipse.m2e.core.internal.Bundles - 	Entry: C:\Users\Deepak\.p2\pool\plugins\org.eclipse.m2e.maven.runtime_3.9.900.20250220-2013
2026-07-29 23:06:21,660 [Worker-98: Launching Executing clean in D__seat_booking_app_seat-booking-system] INFO  o.eclipse.m2e.core.internal.Bundles - 	Entry: C:\Users\Deepak\.p2\pool\plugins\org.eclipse.m2e.maven.runtime_3.9.900.20250220-2013\jars\aopalliance-1.0.jar
2026-07-29 23:06:21,660 [Worker-98: Launching Executing clean in D__seat_booking_app_seat-booking-system] INFO  o.eclipse.m2e.core.internal.Bundles - 	Entry: C:\Users\Deepak\.p2\pool\plugins\org.eclipse.m2e.maven.runtime_3.9.900.20250220-2013\jars\guice-5.1.0.jar
2026-07-29 23:06:21,661 [Worker-98: Launching Executing clean in D__seat_booking_app_seat-booking-system] INFO  o.eclipse.m2e.core.internal.Bundles - 	Entry: C:\Users\Deepak\.p2\pool\plugins\org.eclipse.m2e.maven.runtime_3.9.900.20250220-2013\jars\httpclient-4.5.14.jar
2026-07-29 23:06:21,661 [Worker-98: Launching Executing clean in D__seat_booking_app_seat-booking-system] INFO  o.eclipse.m2e.core.internal.Bundles - 	Entry: C:\Users\Deepak\.p2\pool\plugins\org.eclipse.m2e.maven.runtime_3.9.900.20250220-2013\jars\httpcore-4.4.16.jar
2026-07-29 23:06:21,661 [Worker-98: Launching Executing clean in D__seat_booking_app_seat-booking-system] INFO  o.eclipse.m2e.core.internal.Bundles - 	Entry: C:\Users\Deepak\.p2\pool\plugins\org.eclipse.m2e.maven.runtime_3.9.900.20250220-2013\jars\jansi-2.4.1.jar
2026-07-29 23:06:21,662 [Worker-98: Launching Executing clean in D__seat_booking_app_seat-booking-system] INFO  o.eclipse.m2e.core.internal.Bundles - 	Entry: C:\Users\Deepak\.p2\pool\plugins\org.eclipse.m2e.maven.runtime_3.9.900.20250220-2013\jars\jcl-over-slf4j-1.7.36.jar
2026-07-29 23:06:21,663 [Worker-98: Launching Executing clean in D__seat_booking_app_seat-booking-system] INFO  o.eclipse.m2e.core.internal.Bundles - 	Entry: C:\Users\Deepak\.p2\pool\plugins\org.eclipse.m2e.maven.runtime_3.9.900.20250220-2013\jars\maven-artifact-3.9.9.jar
2026-07-29 23:06:21,663 [Worker-98: Launching Executing clean in D__seat_booking_app_seat-booking-system] INFO  o.eclipse.m2e.core.internal.Bundles - 	Entry: C:\Users\Deepak\.p2\pool\plugins\org.eclipse.m2e.maven.runtime_3.9.900.20250220-2013\jars\maven-builder-support-3.9.9.jar
2026-07-29 23:06:21,663 [Worker-98: Launching Executing clean in D__seat_booking_app_seat-booking-system] INFO  o.eclipse.m2e.core.internal.Bundles - 	Entry: C:\Users\Deepak\.p2\pool\plugins\org.eclipse.m2e.maven.runtime_3.9.900.20250220-2013\jars\maven-compat-3.9.9.jar
2026-07-29 23:06:21,664 [Worker-98: Launching Executing clean in D__seat_booking_app_seat-booking-system] INFO  o.eclipse.m2e.core.internal.Bundles - 	Entry: C:\Users\Deepak\.p2\pool\plugins\org.eclipse.m2e.maven.runtime_3.9.900.20250220-2013\jars\maven-core-3.9.9.jar
2026-07-29 23:06:21,664 [Worker-98: Launching Executing clean in D__seat_booking_app_seat-booking-system] INFO  o.eclipse.m2e.core.internal.Bundles - 	Entry: C:\Users\Deepak\.p2\pool\plugins\org.eclipse.m2e.maven.runtime_3.9.900.20250220-2013\jars\maven-embedder-3.9.9.jar
2026-07-29 23:06:21,664 [Worker-98: Launching Executing clean in D__seat_booking_app_seat-booking-system] INFO  o.eclipse.m2e.core.internal.Bundles - 	Entry: C:\Users\Deepak\.p2\pool\plugins\org.eclipse.m2e.maven.runtime_3.9.900.20250220-2013\jars\maven-model-3.9.9.jar
2026-07-29 23:06:21,665 [Worker-98: Launching Executing clean in D__seat_booking_app_seat-booking-system] INFO  o.eclipse.m2e.core.internal.Bundles - 	Entry: C:\Users\Deepak\.p2\pool\plugins\org.eclipse.m2e.maven.runtime_3.9.900.20250220-2013\jars\maven-model-builder-3.9.9.jar
2026-07-29 23:06:21,665 [Worker-98: Launching Executing clean in D__seat_booking_app_seat-booking-system] INFO  o.eclipse.m2e.core.internal.Bundles - 	Entry: C:\Users\Deepak\.p2\pool\plugins\org.eclipse.m2e.maven.runtime_3.9.900.20250220-2013\jars\maven-plugin-api-3.9.9.jar
2026-07-29 23:06:21,666 [Worker-98: Launching Executing clean in D__seat_booking_app_seat-booking-system] INFO  o.eclipse.m2e.core.internal.Bundles - 	Entry: C:\Users\Deepak\.p2\pool\plugins\org.eclipse.m2e.maven.runtime_3.9.900.20250220-2013\jars\maven-repository-metadata-3.9.9.jar
2026-07-29 23:06:21,666 [Worker-98: Launching Executing clean in D__seat_booking_app_seat-booking-system] INFO  o.eclipse.m2e.core.internal.Bundles - 	Entry: C:\Users\Deepak\.p2\pool\plugins\org.eclipse.m2e.maven.runtime_3.9.900.20250220-2013\jars\maven-resolver-api-1.9.22.jar
2026-07-29 23:06:21,666 [Worker-98: Launching Executing clean in D__seat_booking_app_seat-booking-system] INFO  o.eclipse.m2e.core.internal.Bundles - 	Entry: C:\Users\Deepak\.p2\pool\plugins\org.eclipse.m2e.maven.runtime_3.9.900.20250220-2013\jars\maven-resolver-connector-basic-1.9.22.jar
2026-07-29 23:06:21,668 [Worker-98: Launching Executing clean in D__seat_booking_app_seat-booking-system] INFO  o.eclipse.m2e.core.internal.Bundles - 	Entry: C:\Users\Deepak\.p2\pool\plugins\org.eclipse.m2e.maven.runtime_3.9.900.20250220-2013\jars\maven-resolver-impl-1.9.22.jar
2026-07-29 23:06:21,668 [Worker-98: Launching Executing clean in D__seat_booking_app_seat-booking-system] INFO  o.eclipse.m2e.core.internal.Bundles - 	Entry: C:\Users\Deepak\.p2\pool\plugins\org.eclipse.m2e.maven.runtime_3.9.900.20250220-2013\jars\maven-resolver-named-locks-1.9.22.jar
2026-07-29 23:06:21,668 [Worker-98: Launching Executing clean in D__seat_booking_app_seat-booking-system] INFO  o.eclipse.m2e.core.internal.Bundles - 	Entry: C:\Users\Deepak\.p2\pool\plugins\org.eclipse.m2e.maven.runtime_3.9.900.20250220-2013\jars\maven-resolver-provider-3.9.9.jar
2026-07-29 23:06:21,668 [Worker-98: Launching Executing clean in D__seat_booking_app_seat-booking-system] INFO  o.eclipse.m2e.core.internal.Bundles - 	Entry: C:\Users\Deepak\.p2\pool\plugins\org.eclipse.m2e.maven.runtime_3.9.900.20250220-2013\jars\maven-resolver-spi-1.9.22.jar
2026-07-29 23:06:21,668 [Worker-98: Launching Executing clean in D__seat_booking_app_seat-booking-system] INFO  o.eclipse.m2e.core.internal.Bundles - 	Entry: C:\Users\Deepak\.p2\pool\plugins\org.eclipse.m2e.maven.runtime_3.9.900.20250220-2013\jars\maven-resolver-transport-file-1.9.22.jar
2026-07-29 23:06:21,669 [Worker-98: Launching Executing clean in D__seat_booking_app_seat-booking-system] INFO  o.eclipse.m2e.core.internal.Bundles - 	Entry: C:\Users\Deepak\.p2\pool\plugins\org.eclipse.m2e.maven.runtime_3.9.900.20250220-2013\jars\maven-resolver-transport-http-1.9.22.jar
2026-07-29 23:06:21,669 [Worker-98: Launching Executing clean in D__seat_booking_app_seat-booking-system] INFO  o.eclipse.m2e.core.internal.Bundles - 	Entry: C:\Users\Deepak\.p2\pool\plugins\org.eclipse.m2e.maven.runtime_3.9.900.20250220-2013\jars\maven-resolver-transport-wagon-1.9.22.jar
2026-07-29 23:06:21,669 [Worker-98: Launching Executing clean in D__seat_booking_app_seat-booking-system] INFO  o.eclipse.m2e.core.internal.Bundles - 	Entry: C:\Users\Deepak\.p2\pool\plugins\org.eclipse.m2e.maven.runtime_3.9.900.20250220-2013\jars\maven-resolver-util-1.9.22.jar
2026-07-29 23:06:21,670 [Worker-98: Launching Executing clean in D__seat_booking_app_seat-booking-system] INFO  o.eclipse.m2e.core.internal.Bundles - 	Entry: C:\Users\Deepak\.p2\pool\plugins\org.eclipse.m2e.maven.runtime_3.9.900.20250220-2013\jars\maven-settings-3.9.9.jar
2026-07-29 23:06:21,670 [Worker-98: Launching Executing clean in D__seat_booking_app_seat-booking-system] INFO  o.eclipse.m2e.core.internal.Bundles - 	Entry: C:\Users\Deepak\.p2\pool\plugins\org.eclipse.m2e.maven.runtime_3.9.900.20250220-2013\jars\maven-settings-builder-3.9.9.jar
2026-07-29 23:06:21,671 [Worker-98: Launching Executing clean in D__seat_booking_app_seat-booking-system] INFO  o.eclipse.m2e.core.internal.Bundles - 	Entry: C:\Users\Deepak\.p2\pool\plugins\org.eclipse.m2e.maven.runtime_3.9.900.20250220-2013\jars\maven-shared-utils-3.4.2.jar
2026-07-29 23:06:21,672 [Worker-98: Launching Executing clean in D__seat_booking_app_seat-booking-system] INFO  o.eclipse.m2e.core.internal.Bundles - 	Entry: C:\Users\Deepak\.p2\pool\plugins\org.eclipse.m2e.maven.runtime_3.9.900.20250220-2013\jars\org.eclipse.sisu.inject-0.9.0.M3.jar
2026-07-29 23:06:21,672 [Worker-98: Launching Executing clean in D__seat_booking_app_seat-booking-system] INFO  o.eclipse.m2e.core.internal.Bundles - 	Entry: C:\Users\Deepak\.p2\pool\plugins\org.eclipse.m2e.maven.runtime_3.9.900.20250220-2013\jars\org.eclipse.sisu.plexus-0.9.0.M3.jar
2026-07-29 23:06:21,673 [Worker-98: Launching Executing clean in D__seat_booking_app_seat-booking-system] INFO  o.eclipse.m2e.core.internal.Bundles - 	Entry: C:\Users\Deepak\.p2\pool\plugins\org.eclipse.m2e.maven.runtime_3.9.900.20250220-2013\jars\plexus-build-api-0.0.7.jar
2026-07-29 23:06:21,673 [Worker-98: Launching Executing clean in D__seat_booking_app_seat-booking-system] INFO  o.eclipse.m2e.core.internal.Bundles - 	Entry: C:\Users\Deepak\.p2\pool\plugins\org.eclipse.m2e.maven.runtime_3.9.900.20250220-2013\jars\plexus-build-api-1.2.0.jar
2026-07-29 23:06:21,673 [Worker-98: Launching Executing clean in D__seat_booking_app_seat-booking-system] INFO  o.eclipse.m2e.core.internal.Bundles - 	Entry: C:\Users\Deepak\.p2\pool\plugins\org.eclipse.m2e.maven.runtime_3.9.900.20250220-2013\jars\plexus-cipher-2.0.jar
2026-07-29 23:06:21,674 [Worker-98: Launching Executing clean in D__seat_booking_app_seat-booking-system] INFO  o.eclipse.m2e.core.internal.Bundles - 	Entry: C:\Users\Deepak\.p2\pool\plugins\org.eclipse.m2e.maven.runtime_3.9.900.20250220-2013\jars\plexus-classworlds-2.8.0.jar
2026-07-29 23:06:21,674 [Worker-98: Launching Executing clean in D__seat_booking_app_seat-booking-system] INFO  o.eclipse.m2e.core.internal.Bundles - 	Entry: C:\Users\Deepak\.p2\pool\plugins\org.eclipse.m2e.maven.runtime_3.9.900.20250220-2013\jars\plexus-component-annotations-2.1.0.jar
2026-07-29 23:06:21,674 [Worker-98: Launching Executing clean in D__seat_booking_app_seat-booking-system] INFO  o.eclipse.m2e.core.internal.Bundles - 	Entry: C:\Users\Deepak\.p2\pool\plugins\org.eclipse.m2e.maven.runtime_3.9.900.20250220-2013\jars\plexus-interpolation-1.27.jar
2026-07-29 23:06:21,674 [Worker-98: Launching Executing clean in D__seat_booking_app_seat-booking-system] INFO  o.eclipse.m2e.core.internal.Bundles - 	Entry: C:\Users\Deepak\.p2\pool\plugins\org.eclipse.m2e.maven.runtime_3.9.900.20250220-2013\jars\plexus-sec-dispatcher-2.0.jar
2026-07-29 23:06:21,674 [Worker-98: Launching Executing clean in D__seat_booking_app_seat-booking-system] INFO  o.eclipse.m2e.core.internal.Bundles - 	Entry: C:\Users\Deepak\.p2\pool\plugins\org.eclipse.m2e.maven.runtime_3.9.900.20250220-2013\jars\plexus-utils-3.5.1.jar
2026-07-29 23:06:21,675 [Worker-98: Launching Executing clean in D__seat_booking_app_seat-booking-system] INFO  o.eclipse.m2e.core.internal.Bundles - 	Entry: C:\Users\Deepak\.p2\pool\plugins\org.eclipse.m2e.maven.runtime_3.9.900.20250220-2013\jars\plexus-xml-3.0.1.jar
2026-07-29 23:06:21,675 [Worker-98: Launching Executing clean in D__seat_booking_app_seat-booking-system] INFO  o.eclipse.m2e.core.internal.Bundles - 	Entry: C:\Users\Deepak\.p2\pool\plugins\org.eclipse.m2e.maven.runtime_3.9.900.20250220-2013\jars\wagon-file-3.5.3.jar
2026-07-29 23:06:21,675 [Worker-98: Launching Executing clean in D__seat_booking_app_seat-booking-system] INFO  o.eclipse.m2e.core.internal.Bundles - 	Entry: C:\Users\Deepak\.p2\pool\plugins\org.eclipse.m2e.maven.runtime_3.9.900.20250220-2013\jars\wagon-http-3.5.3.jar
2026-07-29 23:06:21,675 [Worker-98: Launching Executing clean in D__seat_booking_app_seat-booking-system] INFO  o.eclipse.m2e.core.internal.Bundles - 	Entry: C:\Users\Deepak\.p2\pool\plugins\org.eclipse.m2e.maven.runtime_3.9.900.20250220-2013\jars\wagon-http-shared-3.5.3.jar
2026-07-29 23:06:21,677 [Worker-98: Launching Executing clean in D__seat_booking_app_seat-booking-system] INFO  o.eclipse.m2e.core.internal.Bundles - 	Entry: C:\Users\Deepak\.p2\pool\plugins\org.eclipse.m2e.maven.runtime_3.9.900.20250220-2013\jars\wagon-provider-api-3.5.3.jar
2026-07-29 23:06:21,677 [Worker-98: Launching Executing clean in D__seat_booking_app_seat-booking-system] INFO  o.eclipse.m2e.core.internal.Bundles - getClasspathEntries(Bundle=com.google.guava_33.4.8.jre [13])
2026-07-29 23:06:21,677 [Worker-98: Launching Executing clean in D__seat_booking_app_seat-booking-system] INFO  o.eclipse.m2e.core.internal.Bundles - 	Entry: C:\Users\Deepak\.p2\pool\plugins\com.google.guava_33.4.8.jre.jar
2026-07-29 23:06:21,677 [Worker-98: Launching Executing clean in D__seat_booking_app_seat-booking-system] INFO  o.eclipse.m2e.core.internal.Bundles - getClasspathEntries(Bundle=slf4j.api_2.0.17 [520])
2026-07-29 23:06:21,677 [Worker-98: Launching Executing clean in D__seat_booking_app_seat-booking-system] INFO  o.eclipse.m2e.core.internal.Bundles - 	Entry: C:\Users\Deepak\.p2\pool\plugins\slf4j.api_2.0.17.jar
2026-07-29 23:06:21,677 [Worker-98: Launching Executing clean in D__seat_booking_app_seat-booking-system] INFO  o.eclipse.m2e.core.internal.Bundles - getClasspathEntries(Bundle=jakarta.inject.jakarta.inject-api_1.0.5 [24])
2026-07-29 23:06:21,679 [Worker-98: Launching Executing clean in D__seat_booking_app_seat-booking-system] INFO  o.eclipse.m2e.core.internal.Bundles - 	Entry: C:\Users\Deepak\.p2\pool\plugins\jakarta.inject.jakarta.inject-api_1.0.5.jar
2026-07-29 23:06:21,679 [Worker-98: Launching Executing clean in D__seat_booking_app_seat-booking-system] INFO  o.eclipse.m2e.core.internal.Bundles - getClasspathEntries(Bundle=javax.annotation_1.3.5.v20200909-1856 [27])
2026-07-29 23:06:21,679 [Worker-98: Launching Executing clean in D__seat_booking_app_seat-booking-system] INFO  o.eclipse.m2e.core.internal.Bundles - 	Entry: C:\Users\Deepak\.p2\pool\plugins\javax.annotation_1.3.5.v20200909-1856.jar
2026-07-29 23:06:21,679 [Worker-98: Launching Executing clean in D__seat_booking_app_seat-booking-system] INFO  o.eclipse.m2e.core.internal.Bundles - getClasspathEntries(Bundle=org.apache.commons.cli_1.9.0 [49])
2026-07-29 23:06:21,681 [Worker-98: Launching Executing clean in D__seat_booking_app_seat-booking-system] INFO  o.eclipse.m2e.core.internal.Bundles - 	Entry: C:\Users\Deepak\.p2\pool\plugins\org.apache.commons.cli_1.9.0.jar
2026-07-29 23:06:21,681 [Worker-98: Launching Executing clean in D__seat_booking_app_seat-booking-system] INFO  o.eclipse.m2e.core.internal.Bundles - getClasspathEntries(Bundle=org.apache.commons.commons-codec_1.16.0 [50])
2026-07-29 23:06:21,682 [Worker-98: Launching Executing clean in D__seat_booking_app_seat-booking-system] INFO  o.eclipse.m2e.core.internal.Bundles - 	Entry: C:\Users\Deepak\.p2\pool\plugins\org.apache.commons.commons-codec_1.16.0.jar
2026-07-29 23:06:21,682 [Worker-98: Launching Executing clean in D__seat_booking_app_seat-booking-system] INFO  o.eclipse.m2e.core.internal.Bundles - getClasspathEntries(Bundle=com.google.guava.failureaccess_1.0.3 [14])
2026-07-29 23:06:21,683 [Worker-98: Launching Executing clean in D__seat_booking_app_seat-booking-system] INFO  o.eclipse.m2e.core.internal.Bundles - 	Entry: C:\Users\Deepak\.p2\pool\plugins\com.google.guava.failureaccess_1.0.3.jar
2026-07-29 23:06:21,684 [Worker-98: Launching Executing clean in D__seat_booking_app_seat-booking-system] INFO  o.e.m.i.launch.MavenLaunchDelegate - Run build in "D:\seat_booking_app\seat-booking-system":
2026-07-29 23:06:21,684 [Worker-98: Launching Executing clean in D__seat_booking_app_seat-booking-system] INFO  o.e.m.i.launch.MavenLaunchDelegate -  mvn  -B -Dstyle.color=always clean
2026-07-29 23:06:24,913 [Worker-101: Building] INFO  o.a.m.s.f.DefaultMavenResourcesFiltering - Copying 2 resources from src\main\resources to target\classes
2026-07-29 23:06:24,917 [Worker-101: Building] INFO  o.a.m.s.f.DefaultMavenResourcesFiltering - Copying 0 resource from src\main\resources to target\classes
2026-07-29 23:06:24,919 [Worker-101: Building] INFO  o.a.m.s.f.DefaultMavenResourcesFiltering - Copying 1 resource from src\test\resources to target\test-classes
2026-07-29 23:06:30,975 [Worker-97: Launching Executing install in D__seat_booking_app_seat-booking-system] INFO  o.eclipse.m2e.core.internal.Bundles - getClasspathEntries(Bundle=org.eclipse.m2e.maven.runtime_3.9.900.20250220-2013 [297])
2026-07-29 23:06:30,975 [Worker-97: Launching Executing install in D__seat_booking_app_seat-booking-system] INFO  o.eclipse.m2e.core.internal.Bundles - 	Entry: C:\Users\Deepak\.p2\pool\plugins\org.eclipse.m2e.maven.runtime_3.9.900.20250220-2013
2026-07-29 23:06:30,975 [Worker-97: Launching Executing install in D__seat_booking_app_seat-booking-system] INFO  o.eclipse.m2e.core.internal.Bundles - 	Entry: C:\Users\Deepak\.p2\pool\plugins\org.eclipse.m2e.maven.runtime_3.9.900.20250220-2013\jars\aopalliance-1.0.jar
2026-07-29 23:06:30,975 [Worker-97: Launching Executing install in D__seat_booking_app_seat-booking-system] INFO  o.eclipse.m2e.core.internal.Bundles - 	Entry: C:\Users\Deepak\.p2\pool\plugins\org.eclipse.m2e.maven.runtime_3.9.900.20250220-2013\jars\guice-5.1.0.jar
2026-07-29 23:06:30,975 [Worker-97: Launching Executing install in D__seat_booking_app_seat-booking-system] INFO  o.eclipse.m2e.core.internal.Bundles - 	Entry: C:\Users\Deepak\.p2\pool\plugins\org.eclipse.m2e.maven.runtime_3.9.900.20250220-2013\jars\httpclient-4.5.14.jar
2026-07-29 23:06:30,975 [Worker-97: Launching Executing install in D__seat_booking_app_seat-booking-system] INFO  o.eclipse.m2e.core.internal.Bundles - 	Entry: C:\Users\Deepak\.p2\pool\plugins\org.eclipse.m2e.maven.runtime_3.9.900.20250220-2013\jars\httpcore-4.4.16.jar
2026-07-29 23:06:30,975 [Worker-97: Launching Executing install in D__seat_booking_app_seat-booking-system] INFO  o.eclipse.m2e.core.internal.Bundles - 	Entry: C:\Users\Deepak\.p2\pool\plugins\org.eclipse.m2e.maven.runtime_3.9.900.20250220-2013\jars\jansi-2.4.1.jar
2026-07-29 23:06:30,977 [Worker-97: Launching Executing install in D__seat_booking_app_seat-booking-system] INFO  o.eclipse.m2e.core.internal.Bundles - 	Entry: C:\Users\Deepak\.p2\pool\plugins\org.eclipse.m2e.maven.runtime_3.9.900.20250220-2013\jars\jcl-over-slf4j-1.7.36.jar
2026-07-29 23:06:30,977 [Worker-97: Launching Executing install in D__seat_booking_app_seat-booking-system] INFO  o.eclipse.m2e.core.internal.Bundles - 	Entry: C:\Users\Deepak\.p2\pool\plugins\org.eclipse.m2e.maven.runtime_3.9.900.20250220-2013\jars\maven-artifact-3.9.9.jar
2026-07-29 23:06:30,977 [Worker-97: Launching Executing install in D__seat_booking_app_seat-booking-system] INFO  o.eclipse.m2e.core.internal.Bundles - 	Entry: C:\Users\Deepak\.p2\pool\plugins\org.eclipse.m2e.maven.runtime_3.9.900.20250220-2013\jars\maven-builder-support-3.9.9.jar
2026-07-29 23:06:30,977 [Worker-97: Launching Executing install in D__seat_booking_app_seat-booking-system] INFO  o.eclipse.m2e.core.internal.Bundles - 	Entry: C:\Users\Deepak\.p2\pool\plugins\org.eclipse.m2e.maven.runtime_3.9.900.20250220-2013\jars\maven-compat-3.9.9.jar
2026-07-29 23:06:30,977 [Worker-97: Launching Executing install in D__seat_booking_app_seat-booking-system] INFO  o.eclipse.m2e.core.internal.Bundles - 	Entry: C:\Users\Deepak\.p2\pool\plugins\org.eclipse.m2e.maven.runtime_3.9.900.20250220-2013\jars\maven-core-3.9.9.jar
2026-07-29 23:06:30,977 [Worker-97: Launching Executing install in D__seat_booking_app_seat-booking-system] INFO  o.eclipse.m2e.core.internal.Bundles - 	Entry: C:\Users\Deepak\.p2\pool\plugins\org.eclipse.m2e.maven.runtime_3.9.900.20250220-2013\jars\maven-embedder-3.9.9.jar
2026-07-29 23:06:30,978 [Worker-97: Launching Executing install in D__seat_booking_app_seat-booking-system] INFO  o.eclipse.m2e.core.internal.Bundles - 	Entry: C:\Users\Deepak\.p2\pool\plugins\org.eclipse.m2e.maven.runtime_3.9.900.20250220-2013\jars\maven-model-3.9.9.jar
2026-07-29 23:06:30,978 [Worker-97: Launching Executing install in D__seat_booking_app_seat-booking-system] INFO  o.eclipse.m2e.core.internal.Bundles - 	Entry: C:\Users\Deepak\.p2\pool\plugins\org.eclipse.m2e.maven.runtime_3.9.900.20250220-2013\jars\maven-model-builder-3.9.9.jar
2026-07-29 23:06:30,978 [Worker-97: Launching Executing install in D__seat_booking_app_seat-booking-system] INFO  o.eclipse.m2e.core.internal.Bundles - 	Entry: C:\Users\Deepak\.p2\pool\plugins\org.eclipse.m2e.maven.runtime_3.9.900.20250220-2013\jars\maven-plugin-api-3.9.9.jar
2026-07-29 23:06:30,978 [Worker-97: Launching Executing install in D__seat_booking_app_seat-booking-system] INFO  o.eclipse.m2e.core.internal.Bundles - 	Entry: C:\Users\Deepak\.p2\pool\plugins\org.eclipse.m2e.maven.runtime_3.9.900.20250220-2013\jars\maven-repository-metadata-3.9.9.jar
2026-07-29 23:06:30,978 [Worker-97: Launching Executing install in D__seat_booking_app_seat-booking-system] INFO  o.eclipse.m2e.core.internal.Bundles - 	Entry: C:\Users\Deepak\.p2\pool\plugins\org.eclipse.m2e.maven.runtime_3.9.900.20250220-2013\jars\maven-resolver-api-1.9.22.jar
2026-07-29 23:06:30,978 [Worker-97: Launching Executing install in D__seat_booking_app_seat-booking-system] INFO  o.eclipse.m2e.core.internal.Bundles - 	Entry: C:\Users\Deepak\.p2\pool\plugins\org.eclipse.m2e.maven.runtime_3.9.900.20250220-2013\jars\maven-resolver-connector-basic-1.9.22.jar
2026-07-29 23:06:30,978 [Worker-97: Launching Executing install in D__seat_booking_app_seat-booking-system] INFO  o.eclipse.m2e.core.internal.Bundles - 	Entry: C:\Users\Deepak\.p2\pool\plugins\org.eclipse.m2e.maven.runtime_3.9.900.20250220-2013\jars\maven-resolver-impl-1.9.22.jar
2026-07-29 23:06:30,978 [Worker-97: Launching Executing install in D__seat_booking_app_seat-booking-system] INFO  o.eclipse.m2e.core.internal.Bundles - 	Entry: C:\Users\Deepak\.p2\pool\plugins\org.eclipse.m2e.maven.runtime_3.9.900.20250220-2013\jars\maven-resolver-named-locks-1.9.22.jar
2026-07-29 23:06:30,979 [Worker-97: Launching Executing install in D__seat_booking_app_seat-booking-system] INFO  o.eclipse.m2e.core.internal.Bundles - 	Entry: C:\Users\Deepak\.p2\pool\plugins\org.eclipse.m2e.maven.runtime_3.9.900.20250220-2013\jars\maven-resolver-provider-3.9.9.jar
2026-07-29 23:06:30,979 [Worker-97: Launching Executing install in D__seat_booking_app_seat-booking-system] INFO  o.eclipse.m2e.core.internal.Bundles - 	Entry: C:\Users\Deepak\.p2\pool\plugins\org.eclipse.m2e.maven.runtime_3.9.900.20250220-2013\jars\maven-resolver-spi-1.9.22.jar
2026-07-29 23:06:30,979 [Worker-97: Launching Executing install in D__seat_booking_app_seat-booking-system] INFO  o.eclipse.m2e.core.internal.Bundles - 	Entry: C:\Users\Deepak\.p2\pool\plugins\org.eclipse.m2e.maven.runtime_3.9.900.20250220-2013\jars\maven-resolver-transport-file-1.9.22.jar
2026-07-29 23:06:30,979 [Worker-97: Launching Executing install in D__seat_booking_app_seat-booking-system] INFO  o.eclipse.m2e.core.internal.Bundles - 	Entry: C:\Users\Deepak\.p2\pool\plugins\org.eclipse.m2e.maven.runtime_3.9.900.20250220-2013\jars\maven-resolver-transport-http-1.9.22.jar
2026-07-29 23:06:30,979 [Worker-97: Launching Executing install in D__seat_booking_app_seat-booking-system] INFO  o.eclipse.m2e.core.internal.Bundles - 	Entry: C:\Users\Deepak\.p2\pool\plugins\org.eclipse.m2e.maven.runtime_3.9.900.20250220-2013\jars\maven-resolver-transport-wagon-1.9.22.jar
2026-07-29 23:06:30,979 [Worker-97: Launching Executing install in D__seat_booking_app_seat-booking-system] INFO  o.eclipse.m2e.core.internal.Bundles - 	Entry: C:\Users\Deepak\.p2\pool\plugins\org.eclipse.m2e.maven.runtime_3.9.900.20250220-2013\jars\maven-resolver-util-1.9.22.jar
2026-07-29 23:06:30,979 [Worker-97: Launching Executing install in D__seat_booking_app_seat-booking-system] INFO  o.eclipse.m2e.core.internal.Bundles - 	Entry: C:\Users\Deepak\.p2\pool\plugins\org.eclipse.m2e.maven.runtime_3.9.900.20250220-2013\jars\maven-settings-3.9.9.jar
2026-07-29 23:06:30,979 [Worker-97: Launching Executing install in D__seat_booking_app_seat-booking-system] INFO  o.eclipse.m2e.core.internal.Bundles - 	Entry: C:\Users\Deepak\.p2\pool\plugins\org.eclipse.m2e.maven.runtime_3.9.900.20250220-2013\jars\maven-settings-builder-3.9.9.jar
2026-07-29 23:06:30,980 [Worker-97: Launching Executing install in D__seat_booking_app_seat-booking-system] INFO  o.eclipse.m2e.core.internal.Bundles - 	Entry: C:\Users\Deepak\.p2\pool\plugins\org.eclipse.m2e.maven.runtime_3.9.900.20250220-2013\jars\maven-shared-utils-3.4.2.jar
2026-07-29 23:06:30,980 [Worker-97: Launching Executing install in D__seat_booking_app_seat-booking-system] INFO  o.eclipse.m2e.core.internal.Bundles - 	Entry: C:\Users\Deepak\.p2\pool\plugins\org.eclipse.m2e.maven.runtime_3.9.900.20250220-2013\jars\org.eclipse.sisu.inject-0.9.0.M3.jar
2026-07-29 23:06:30,980 [Worker-97: Launching Executing install in D__seat_booking_app_seat-booking-system] INFO  o.eclipse.m2e.core.internal.Bundles - 	Entry: C:\Users\Deepak\.p2\pool\plugins\org.eclipse.m2e.maven.runtime_3.9.900.20250220-2013\jars\org.eclipse.sisu.plexus-0.9.0.M3.jar
2026-07-29 23:06:30,980 [Worker-97: Launching Executing install in D__seat_booking_app_seat-booking-system] INFO  o.eclipse.m2e.core.internal.Bundles - 	Entry: C:\Users\Deepak\.p2\pool\plugins\org.eclipse.m2e.maven.runtime_3.9.900.20250220-2013\jars\plexus-build-api-0.0.7.jar
2026-07-29 23:06:30,980 [Worker-97: Launching Executing install in D__seat_booking_app_seat-booking-system] INFO  o.eclipse.m2e.core.internal.Bundles - 	Entry: C:\Users\Deepak\.p2\pool\plugins\org.eclipse.m2e.maven.runtime_3.9.900.20250220-2013\jars\plexus-build-api-1.2.0.jar
2026-07-29 23:06:30,980 [Worker-97: Launching Executing install in D__seat_booking_app_seat-booking-system] INFO  o.eclipse.m2e.core.internal.Bundles - 	Entry: C:\Users\Deepak\.p2\pool\plugins\org.eclipse.m2e.maven.runtime_3.9.900.20250220-2013\jars\plexus-cipher-2.0.jar
2026-07-29 23:06:30,980 [Worker-97: Launching Executing install in D__seat_booking_app_seat-booking-system] INFO  o.eclipse.m2e.core.internal.Bundles - 	Entry: C:\Users\Deepak\.p2\pool\plugins\org.eclipse.m2e.maven.runtime_3.9.900.20250220-2013\jars\plexus-classworlds-2.8.0.jar
2026-07-29 23:06:30,980 [Worker-97: Launching Executing install in D__seat_booking_app_seat-booking-system] INFO  o.eclipse.m2e.core.internal.Bundles - 	Entry: C:\Users\Deepak\.p2\pool\plugins\org.eclipse.m2e.maven.runtime_3.9.900.20250220-2013\jars\plexus-component-annotations-2.1.0.jar
2026-07-29 23:06:30,980 [Worker-97: Launching Executing install in D__seat_booking_app_seat-booking-system] INFO  o.eclipse.m2e.core.internal.Bundles - 	Entry: C:\Users\Deepak\.p2\pool\plugins\org.eclipse.m2e.maven.runtime_3.9.900.20250220-2013\jars\plexus-interpolation-1.27.jar
2026-07-29 23:06:30,981 [Worker-97: Launching Executing install in D__seat_booking_app_seat-booking-system] INFO  o.eclipse.m2e.core.internal.Bundles - 	Entry: C:\Users\Deepak\.p2\pool\plugins\org.eclipse.m2e.maven.runtime_3.9.900.20250220-2013\jars\plexus-sec-dispatcher-2.0.jar
2026-07-29 23:06:30,981 [Worker-97: Launching Executing install in D__seat_booking_app_seat-booking-system] INFO  o.eclipse.m2e.core.internal.Bundles - 	Entry: C:\Users\Deepak\.p2\pool\plugins\org.eclipse.m2e.maven.runtime_3.9.900.20250220-2013\jars\plexus-utils-3.5.1.jar
2026-07-29 23:06:30,981 [Worker-97: Launching Executing install in D__seat_booking_app_seat-booking-system] INFO  o.eclipse.m2e.core.internal.Bundles - 	Entry: C:\Users\Deepak\.p2\pool\plugins\org.eclipse.m2e.maven.runtime_3.9.900.20250220-2013\jars\plexus-xml-3.0.1.jar
2026-07-29 23:06:30,981 [Worker-97: Launching Executing install in D__seat_booking_app_seat-booking-system] INFO  o.eclipse.m2e.core.internal.Bundles - 	Entry: C:\Users\Deepak\.p2\pool\plugins\org.eclipse.m2e.maven.runtime_3.9.900.20250220-2013\jars\wagon-file-3.5.3.jar
2026-07-29 23:06:30,981 [Worker-97: Launching Executing install in D__seat_booking_app_seat-booking-system] INFO  o.eclipse.m2e.core.internal.Bundles - 	Entry: C:\Users\Deepak\.p2\pool\plugins\org.eclipse.m2e.maven.runtime_3.9.900.20250220-2013\jars\wagon-http-3.5.3.jar
2026-07-29 23:06:30,981 [Worker-97: Launching Executing install in D__seat_booking_app_seat-booking-system] INFO  o.eclipse.m2e.core.internal.Bundles - 	Entry: C:\Users\Deepak\.p2\pool\plugins\org.eclipse.m2e.maven.runtime_3.9.900.20250220-2013\jars\wagon-http-shared-3.5.3.jar
2026-07-29 23:06:30,981 [Worker-97: Launching Executing install in D__seat_booking_app_seat-booking-system] INFO  o.eclipse.m2e.core.internal.Bundles - 	Entry: C:\Users\Deepak\.p2\pool\plugins\org.eclipse.m2e.maven.runtime_3.9.900.20250220-2013\jars\wagon-provider-api-3.5.3.jar
2026-07-29 23:06:30,982 [Worker-97: Launching Executing install in D__seat_booking_app_seat-booking-system] INFO  o.eclipse.m2e.core.internal.Bundles - getClasspathEntries(Bundle=com.google.guava_33.4.8.jre [13])
2026-07-29 23:06:30,982 [Worker-97: Launching Executing install in D__seat_booking_app_seat-booking-system] INFO  o.eclipse.m2e.core.internal.Bundles - 	Entry: C:\Users\Deepak\.p2\pool\plugins\com.google.guava_33.4.8.jre.jar
2026-07-29 23:06:30,982 [Worker-97: Launching Executing install in D__seat_booking_app_seat-booking-system] INFO  o.eclipse.m2e.core.internal.Bundles - getClasspathEntries(Bundle=slf4j.api_2.0.17 [520])
2026-07-29 23:06:30,982 [Worker-97: Launching Executing install in D__seat_booking_app_seat-booking-system] INFO  o.eclipse.m2e.core.internal.Bundles - 	Entry: C:\Users\Deepak\.p2\pool\plugins\slf4j.api_2.0.17.jar
2026-07-29 23:06:30,982 [Worker-97: Launching Executing install in D__seat_booking_app_seat-booking-system] INFO  o.eclipse.m2e.core.internal.Bundles - getClasspathEntries(Bundle=jakarta.inject.jakarta.inject-api_1.0.5 [24])
2026-07-29 23:06:30,983 [Worker-97: Launching Executing install in D__seat_booking_app_seat-booking-system] INFO  o.eclipse.m2e.core.internal.Bundles - 	Entry: C:\Users\Deepak\.p2\pool\plugins\jakarta.inject.jakarta.inject-api_1.0.5.jar
2026-07-29 23:06:30,983 [Worker-97: Launching Executing install in D__seat_booking_app_seat-booking-system] INFO  o.eclipse.m2e.core.internal.Bundles - getClasspathEntries(Bundle=javax.annotation_1.3.5.v20200909-1856 [27])
2026-07-29 23:06:30,983 [Worker-97: Launching Executing install in D__seat_booking_app_seat-booking-system] INFO  o.eclipse.m2e.core.internal.Bundles - 	Entry: C:\Users\Deepak\.p2\pool\plugins\javax.annotation_1.3.5.v20200909-1856.jar
2026-07-29 23:06:30,983 [Worker-97: Launching Executing install in D__seat_booking_app_seat-booking-system] INFO  o.eclipse.m2e.core.internal.Bundles - getClasspathEntries(Bundle=org.apache.commons.cli_1.9.0 [49])
2026-07-29 23:06:30,983 [Worker-97: Launching Executing install in D__seat_booking_app_seat-booking-system] INFO  o.eclipse.m2e.core.internal.Bundles - 	Entry: C:\Users\Deepak\.p2\pool\plugins\org.apache.commons.cli_1.9.0.jar
2026-07-29 23:06:30,983 [Worker-97: Launching Executing install in D__seat_booking_app_seat-booking-system] INFO  o.eclipse.m2e.core.internal.Bundles - getClasspathEntries(Bundle=org.apache.commons.commons-codec_1.16.0 [50])
2026-07-29 23:06:30,984 [Worker-97: Launching Executing install in D__seat_booking_app_seat-booking-system] INFO  o.eclipse.m2e.core.internal.Bundles - 	Entry: C:\Users\Deepak\.p2\pool\plugins\org.apache.commons.commons-codec_1.16.0.jar
2026-07-29 23:06:30,984 [Worker-97: Launching Executing install in D__seat_booking_app_seat-booking-system] INFO  o.eclipse.m2e.core.internal.Bundles - getClasspathEntries(Bundle=com.google.guava.failureaccess_1.0.3 [14])
2026-07-29 23:06:30,984 [Worker-97: Launching Executing install in D__seat_booking_app_seat-booking-system] INFO  o.eclipse.m2e.core.internal.Bundles - 	Entry: C:\Users\Deepak\.p2\pool\plugins\com.google.guava.failureaccess_1.0.3.jar
2026-07-29 23:06:30,984 [Worker-97: Launching Executing install in D__seat_booking_app_seat-booking-system] INFO  o.e.m.i.launch.MavenLaunchDelegate - Run build in "D:\seat_booking_app\seat-booking-system":
2026-07-29 23:06:30,984 [Worker-97: Launching Executing install in D__seat_booking_app_seat-booking-system] INFO  o.e.m.i.launch.MavenLaunchDelegate -  mvn  -B -Dstyle.color=always install
2026-07-29 23:07:09,531 [Worker-102: Updating Maven Project] INFO  o.e.m.c.i.p.ProjectConfigurationManager - Update started
2026-07-29 23:07:10,415 [Worker-102: Updating Maven Project] INFO  o.e.m.c.i.l.LifecycleMappingFactory - Using org.eclipse.m2e.jdt.JarLifecycleMapping lifecycle mapping for MavenProject: com.booking:seat-booking-system:0.1.0 @ D:\seat_booking_app\seat-booking-system\pom.xml.
2026-07-29 23:07:11,855 [Worker-102: Updating Maven Project] INFO  o.e.m.j.i.AbstractJavaProjectConfigurator - Adding source folder /seat-booking-system/src/main/java
2026-07-29 23:07:11,858 [Worker-102: Updating Maven Project] INFO  o.e.m.j.i.AbstractJavaProjectConfigurator - Adding resource folder /seat-booking-system/src/main/resources
2026-07-29 23:07:11,859 [Worker-102: Updating Maven Project] INFO  o.e.m.j.i.AbstractJavaProjectConfigurator - Adding resource folder /seat-booking-system/src/main/resources
2026-07-29 23:07:11,860 [Worker-102: Updating Maven Project] INFO  o.e.m.j.i.AbstractJavaProjectConfigurator - Adding source folder /seat-booking-system/src/test/java
2026-07-29 23:07:11,861 [Worker-102: Updating Maven Project] INFO  o.e.m.j.i.AbstractJavaProjectConfigurator - Adding resource folder /seat-booking-system/src/test/resources
2026-07-29 23:07:12,235 [Worker-102: Updating Maven Project] INFO  o.e.m.c.i.p.ProjectConfigurationManager - Update completed for 1 poms: local refresh takes 0.00 sec, refresh facades takes 2.00 sec, update config takes 0.00 sec 
2026-07-29 23:07:12,685 [Worker-93: Building] INFO  o.a.m.s.f.DefaultMavenResourcesFiltering - Copying 2 resources from src\main\resources to target\classes
2026-07-29 23:07:12,767 [Worker-93: Building] INFO  o.a.m.s.f.DefaultMavenResourcesFiltering - Copying 0 resource from src\main\resources to target\classes
2026-07-29 23:07:12,775 [Worker-93: Building] INFO  o.a.m.s.f.DefaultMavenResourcesFiltering - Copying 1 resource from src\test\resources to target\test-classes
2026-07-29 23:14:42,014 [Worker-101: Launching SeatBookingApplication] INFO  o.a.m.s.f.DefaultMavenResourcesFiltering - Copying 2 resources from src\main\resources to target\classes
2026-07-29 23:14:42,406 [Worker-101: Launching SeatBookingApplication] INFO  o.a.m.s.f.DefaultMavenResourcesFiltering - Copying 0 resource from src\main\resources to target\classes
2026-07-29 23:14:42,409 [Worker-101: Launching SeatBookingApplication] INFO  o.a.m.s.f.DefaultMavenResourcesFiltering - Copying 0 resource from src\test\resources to target\test-classes
